product_id,orbit,version,volume,file_spec,url_lbl,url_img,label_md5,image_md5,image_bytes,start_time,stop_time,sampling_factor,samples,lines,software_name,timing_state,offset_px,selected,selection_reason
JNCR_2016346_03C00092_V03,3,3,JNOJNC_0012,DATA/RDR/JUPITER/ORBIT_03/JNCR_2016346_03C00092_V03.LBL,https://planetarydata.jpl.nasa.gov/img/data/juno/JNOJNC_0012/DATA/RDR/JUPITER/ORBIT_03/JNCR_2016346_03C00092_V03.LBL,https://planetarydata.jpl.nasa.gov/img/data/juno/JNOJNC_0012/DATA/RDR/JUPITER/ORBIT_03/JNCR_2016346_03C00092_V03.IMG,098aec938adc3e0bcd34f557ddc38762,e24bfefb6ab5f9cc8700c6f2052b74b5,25313280,2016-12-11T15:44:58.170,2016-12-11T15:45:05.650,1,1648,7680,JUNOMAKEPDS.PY 0.7,applied,3.0,False,PJ3 JIRAM orbit-number/kernel mismatch; deferred
JNCR_2016346_03M00093_V03,3,3,JNOJNC_0013,DATA/RDR/JUPITER/ORBIT_03/JNCR_2016346_03M00093_V03.LBL,https://planetarydata.jpl.nasa.gov/img/data/juno/JNOJNC_0013/DATA/RDR/JUPITER/ORBIT_03/JNCR_2016346_03M00093_V03.LBL,https://planetarydata.jpl.nasa.gov/img/data/juno/JNOJNC_0013/DATA/RDR/JUPITER/ORBIT_03/JNCR_2016346_03M00093_V03.IMG,ab171784534a12769d1d69599b4379b5,910728eeb441e73108f43b6e3b94eac6,2088960,2016-12-11T15:45:58.760,2016-12-11T15:46:02.500,2,816,1280,JUNOMAKEPDS.PY 0.8,applied,6.0,False,PJ3 JIRAM orbit-number/kernel mismatch; deferred; outside full RGB scope; unsupported sampling or incomplete framelets
JNCR_2016346_03C00094_V02,3,2,JNOJNC_0012,DATA/RDR/JUPITER/ORBIT_03/JNCR_2016346_03C00094_V02.LBL,https://planetarydata.jpl.nasa.gov/img/data/juno/JNOJNC_0012/DATA/RDR/JUPITER/ORBIT_03/JNCR_2016346_03C00094_V02.LBL,https://planetarydata.jpl.nasa.gov/img/data/juno/JNOJNC_0012/DATA/RDR/JUPITER/ORBIT_03/JNCR_2016346_03C00094_V02.IMG,f6764e8c83105e2cd3b24b8ab4d397f4,7d7afe145404f7fbfd9428c67adcc39a,27844608,2016-12-11T15:58:05.896,2016-12-11T15:58:14.124,1,1648,8448,JUNOMAKEPDS.PY 0.7,applied,6.0,False,PJ3 JIRAM orbit-number/kernel mismatch; deferred
JNCR_2016346_03M00095_V02,3,2,JNOJNC_0013,DATA/RDR/JUPITER/ORBIT_03/JNCR_2016346_03M00095_V02.LBL,https://planetarydata.jpl.nasa.gov/img/data/juno/JNOJNC_0013/DATA/RDR/JUPITER/ORBIT_03/JNCR_2016346_03M00095_V02.LBL,https://planetarydata.jpl.nasa.gov/img/data/juno/JNOJNC_0013/DATA/RDR/JUPITER/ORBIT_03/JNCR_2016346_03M00095_V02.IMG,c1fcbe27f9791e2ab1917cfe1c53ef53,70b5bc7d9bc3fd5e1c315cc32ef5690f,2297856,2016-12-11T15:59:06.548,2016-12-11T15:59:10.662,2,816,1408,JUNOMAKEPDS.PY 0.8,applied,4.0,False,PJ3 JIRAM orbit-number/kernel mismatch; deferred; outside full RGB scope; unsupported sampling or incomplete framelets
JNCR_2016346_03R00096_V01,3,1,JNOJNC_0003,DATA/RDR/JUPITER/ORBIT_03/JNCR_2016346_03R00096_V01.LBL,https://planetarydata.jpl.nasa.gov/img/data/juno/JNOJNC_0003/DATA/RDR/JUPITER/ORBIT_03/JNCR_2016346_03R00096_V01.LBL,https://planetarydata.jpl.nasa.gov/img/data/juno/JNOJNC_0003/DATA/RDR/JUPITER/ORBIT_03/JNCR_2016346_03R00096_V01.IMG,8513e99909903383297c95a60ba14a20,beb97a82b8768d4650a1aae6b5e2c8f9,10125312,2016-12-11T16:07:11.137,2016-12-11T16:07:20.113,1,1648,3072,JUNOMAKEPDS.PY 0.4,absent,,False,PJ3 JIRAM orbit-number/kernel mismatch; deferred; outside full RGB scope; old companding pipeline ERRATA B.1; archive timing absent
JNCR_2016346_03R00097_V01,3,1,JNOJNC_0003,DATA/RDR/JUPITER/ORBIT_03/JNCR_2016346_03R00097_V01.LBL,https://planetarydata.jpl.nasa.gov/img/data/juno/JNOJNC_0003/DATA/RDR/JUPITER/ORBIT_03/JNCR_2016346_03R00097_V01.LBL,https://planetarydata.jpl.nasa.gov/img/data/juno/JNOJNC_0003/DATA/RDR/JUPITER/ORBIT_03/JNCR_2016346_03R00097_V01.IMG,bd485d8c62e19e44b0cfd7916dd2d32b,c0fec826099c76618129dd53bd59d78a,10125312,2016-12-11T16:09:12.344,2016-12-11T16:09:21.320,1,1648,3072,JUNOMAKEPDS.PY 0.4,absent,,False,PJ3 JIRAM orbit-number/kernel mismatch; deferred; outside full RGB scope; old companding pipeline ERRATA B.1; archive timing absent
JNCR_2016346_03R00098_V01,3,1,JNOJNC_0003,DATA/RDR/JUPITER/ORBIT_03/JNCR_2016346_03R00098_V01.LBL,https://planetarydata.jpl.nasa.gov/img/data/juno/JNOJNC_0003/DATA/RDR/JUPITER/ORBIT_03/JNCR_2016346_03R00098_V01.LBL,https://planetarydata.jpl.nasa.gov/img/data/juno/JNOJNC_0003/DATA/RDR/JUPITER/ORBIT_03/JNCR_2016346_03R00098_V01.IMG,f078dbd0c76da7b20a6372c71729ce3a,70c0fa83f5a4173451c707a94e247881,10125312,2016-12-11T16:11:13.547,2016-12-11T16:11:22.523,1,1648,3072,JUNOMAKEPDS.PY 0.4,absent,,False,PJ3 JIRAM orbit-number/kernel mismatch; deferred; outside full RGB scope; old companding pipeline ERRATA B.1; archive timing absent
JNCR_2016346_03C00099_V03,3,3,JNOJNC_0012,DATA/RDR/JUPITER/ORBIT_03/JNCR_2016346_03C00099_V03.LBL,https://planetarydata.jpl.nasa.gov/img/data/juno/JNOJNC_0012/DATA/RDR/JUPITER/ORBIT_03/JNCR_2016346_03C00099_V03.LBL,https://planetarydata.jpl.nasa.gov/img/data/juno/JNOJNC_0012/DATA/RDR/JUPITER/ORBIT_03/JNCR_2016346_03C00099_V03.IMG,82396768d649d877cc46fc812680d954,0fe6b69e3d6de480c0661bffae7a2198,32907264,2016-12-11T16:13:44.711,2016-12-11T16:13:54.435,1,1648,9984,JUNOMAKEPDS.PY 0.7,applied,-2.0,False,PJ3 JIRAM orbit-number/kernel mismatch; deferred
JNCR_2016346_03M00100_V03,3,3,JNOJNC_0013,DATA/RDR/JUPITER/ORBIT_03/JNCR_2016346_03M00100_V03.LBL,https://planetarydata.jpl.nasa.gov/img/data/juno/JNOJNC_0013/DATA/RDR/JUPITER/ORBIT_03/JNCR_2016346_03M00100_V03.LBL,https://planetarydata.jpl.nasa.gov/img/data/juno/JNOJNC_0013/DATA/RDR/JUPITER/ORBIT_03/JNCR_2016346_03M00100_V03.IMG,cb4a9e5a6aa8a4e77a818c859143267c,7b97883ad962b33e7e7620ed6d7c4c7f,2715648,2016-12-11T16:14:45.207,2016-12-11T16:14:50.069,2,816,1664,JUNOMAKEPDS.PY 0.8,applied,6.0,False,PJ3 JIRAM orbit-number/kernel mismatch; deferred; outside full RGB scope; unsupported sampling or incomplete framelets
JNCR_2016346_03C00101_V02,3,2,JNOJNC_0012,DATA/RDR/JUPITER/ORBIT_03/JNCR_2016346_03C00101_V02.LBL,https://planetarydata.jpl.nasa.gov/img/data/juno/JNOJNC_0012/DATA/RDR/JUPITER/ORBIT_03/JNCR_2016346_03C00101_V02.LBL,https://planetarydata.jpl.nasa.gov/img/data/juno/JNOJNC_0012/DATA/RDR/JUPITER/ORBIT_03/JNCR_2016346_03C00101_V02.IMG,ee19c3bc1390edc8de4554f57dc480b6,19f337ff832eb63ac54edc670932e642,35438592,2016-12-11T16:24:50.847,2016-12-11T16:25:01.319,1,1648,10752,JUNOMAKEPDS.PY 0.7,applied,-4.0,False,PJ3 JIRAM orbit-number/kernel mismatch; deferred
JNCR_2016346_03M00102_V02,3,2,JNOJNC_0013,DATA/RDR/JUPITER/ORBIT_03/JNCR_2016346_03M00102_V02.LBL,https://planetarydata.jpl.nasa.gov/img/data/juno/JNOJNC_0013/DATA/RDR/JUPITER/ORBIT_03/JNCR_2016346_03M00102_V02.LBL,https://planetarydata.jpl.nasa.gov/img/data/juno/JNOJNC_0013/DATA/RDR/JUPITER/ORBIT_03/JNCR_2016346_03M00102_V02.IMG,85b787b8514f06a51b42cc116ed52961,468617175ae075309b984b48dfdb5d6b,2924544,2016-12-11T16:25:51.398,2016-12-11T16:25:56.634,2,816,1792,JUNOMAKEPDS.PY 0.8,applied,6.0,False,PJ3 JIRAM orbit-number/kernel mismatch; deferred; outside full RGB scope; unsupported sampling or incomplete framelets
JNCR_2016346_03C00103_V02,3,2,JNOJNC_0012,DATA/RDR/JUPITER/ORBIT_03/JNCR_2016346_03C00103_V02.LBL,https://planetarydata.jpl.nasa.gov/img/data/juno/JNOJNC_0012/DATA/RDR/JUPITER/ORBIT_03/JNCR_2016346_03C00103_V02.LBL,https://planetarydata.jpl.nasa.gov/img/data/juno/JNOJNC_0012/DATA/RDR/JUPITER/ORBIT_03/JNCR_2016346_03C00103_V02.IMG,80f373ecd4e63b570bf5d417cb16db03,68ea627cb8be9d724146a5d73ec1d2f9,37969920,2016-12-11T16:27:52.202,2016-12-11T16:28:03.422,1,1648,11520,JUNOMAKEPDS.PY 0.7,applied,-2.0,False,PJ3 JIRAM orbit-number/kernel mismatch; deferred
JNCR_2016346_03C00104_V02,3,2,JNOJNC_0012,DATA/RDR/JUPITER/ORBIT_03/JNCR_2016346_03C00104_V02.LBL,https://planetarydata.jpl.nasa.gov/img/data/juno/JNOJNC_0012/DATA/RDR/JUPITER/ORBIT_03/JNCR_2016346_03C00104_V02.LBL,https://planetarydata.jpl.nasa.gov/img/data/juno/JNOJNC_0012/DATA/RDR/JUPITER/ORBIT_03/JNCR_2016346_03C00104_V02.IMG,d44bd06aa31cd7a7359101824293e030,76921802e9289cb03d51f0e0bdf8e419,40501248,2016-12-11T16:30:53.593,2016-12-11T16:31:05.561,1,1648,12288,JUNOMAKEPDS.PY 0.7,applied,5.0,False,PJ3 JIRAM orbit-number/kernel mismatch; deferred
JNCR_2016346_03C00105_V02,3,2,JNOJNC_0012,DATA/RDR/JUPITER/ORBIT_03/JNCR_2016346_03C00105_V02.LBL,https://planetarydata.jpl.nasa.gov/img/data/juno/JNOJNC_0012/DATA/RDR/JUPITER/ORBIT_03/JNCR_2016346_03C00105_V02.LBL,https://planetarydata.jpl.nasa.gov/img/data/juno/JNOJNC_0012/DATA/RDR/JUPITER/ORBIT_03/JNCR_2016346_03C00105_V02.IMG,9dd5e8592aa1d7663304ee682722687d,d878641a866b0bb3a3992c6a6fb23055,40501248,2016-12-11T16:34:55.725,2016-12-11T16:35:07.693,1,1648,12288,JUNOMAKEPDS.PY 0.7,applied,-5.0,False,PJ3 JIRAM orbit-number/kernel mismatch; deferred
JNCR_2016346_03M00106_V02,3,2,JNOJNC_0013,DATA/RDR/JUPITER/ORBIT_03/JNCR_2016346_03M00106_V02.LBL,https://planetarydata.jpl.nasa.gov/img/data/juno/JNOJNC_0013/DATA/RDR/JUPITER/ORBIT_03/JNCR_2016346_03M00106_V02.LBL,https://planetarydata.jpl.nasa.gov/img/data/juno/JNOJNC_0013/DATA/RDR/JUPITER/ORBIT_03/JNCR_2016346_03M00106_V02.IMG,748ab91e8687dde79f99edc232836a6b,fb5e4c6c648723c097ceaa27d55f6678,3342336,2016-12-11T16:36:26.620,2016-12-11T16:36:32.604,2,816,2048,JUNOMAKEPDS.PY 0.8,applied,1.0,False,PJ3 JIRAM orbit-number/kernel mismatch; deferred; outside full RGB scope; unsupported sampling or incomplete framelets
JNCR_2016346_03C00107_V02,3,2,JNOJNC_0012,DATA/RDR/JUPITER/ORBIT_03/JNCR_2016346_03C00107_V02.LBL,https://planetarydata.jpl.nasa.gov/img/data/juno/JNOJNC_0012/DATA/RDR/JUPITER/ORBIT_03/JNCR_2016346_03C00107_V02.LBL,https://planetarydata.jpl.nasa.gov/img/data/juno/JNOJNC_0012/DATA/RDR/JUPITER/ORBIT_03/JNCR_2016346_03C00107_V02.IMG,8618cb429abe20a0eda9e828003fd21a,a34f769f8b284fa986bfe19c4c330c2f,45563904,2016-12-11T16:47:01.388,2016-12-11T16:47:14.852,1,1648,13824,JUNOMAKEPDS.PY 0.7,applied,-3.0,False,PJ3 JIRAM orbit-number/kernel mismatch; deferred
JNCR_2016346_03M00108_V02,3,2,JNOJNC_0013,DATA/RDR/JUPITER/ORBIT_03/JNCR_2016346_03M00108_V02.LBL,https://planetarydata.jpl.nasa.gov/img/data/juno/JNOJNC_0013/DATA/RDR/JUPITER/ORBIT_03/JNCR_2016346_03M00108_V02.LBL,https://planetarydata.jpl.nasa.gov/img/data/juno/JNOJNC_0013/DATA/RDR/JUPITER/ORBIT_03/JNCR_2016346_03M00108_V02.IMG,8c432d18f69541f134b95858bbee5d73,921a0a7d5e60c77eaa33786edd54c8a7,3760128,2016-12-11T16:48:32.080,2016-12-11T16:48:38.812,2,816,2304,JUNOMAKEPDS.PY 0.8,applied,-2.0,False,PJ3 JIRAM orbit-number/kernel mismatch; deferred; outside full RGB scope; unsupported sampling or incomplete framelets
JNCR_2016346_03C00109_V02,3,2,JNOJNC_0012,DATA/RDR/JUPITER/ORBIT_03/JNCR_2016346_03C00109_V02.LBL,https://planetarydata.jpl.nasa.gov/img/data/juno/JNOJNC_0012/DATA/RDR/JUPITER/ORBIT_03/JNCR_2016346_03C00109_V02.LBL,https://planetarydata.jpl.nasa.gov/img/data/juno/JNOJNC_0012/DATA/RDR/JUPITER/ORBIT_03/JNCR_2016346_03C00109_V02.IMG,4e3749ac9203a2f9dd3be88f2d39e2fc,9c346a2d32228f82ff56f52cf8a6514d,50626560,2016-12-11T16:57:05.399,2016-12-11T16:57:20.359,1,1648,15360,JUNOMAKEPDS.PY 0.7,applied,-5.0,False,PJ3 JIRAM orbit-number/kernel mismatch; deferred
JNCR_2016346_03C00110_V02,3,2,JNOJNC_0012,DATA/RDR/JUPITER/ORBIT_03/JNCR_2016346_03C00110_V02.LBL,https://planetarydata.jpl.nasa.gov/img/data/juno/JNOJNC_0012/DATA/RDR/JUPITER/ORBIT_03/JNCR_2016346_03C00110_V02.LBL,https://planetarydata.jpl.nasa.gov/img/data/juno/JNOJNC_0012/DATA/RDR/JUPITER/ORBIT_03/JNCR_2016346_03C00110_V02.IMG,36a569fee8bf6b9b4f3e57fc8506ee40,9c79387e1fa59893a8c99e4ff49461f6,53157888,2016-12-11T17:00:06.407,2016-12-11T17:00:22.115,1,1648,16128,JUNOMAKEPDS.PY 0.7,applied,-4.0,False,PJ3 JIRAM orbit-number/kernel mismatch; deferred
JNCR_2016346_03C00111_V03,3,3,JNOJNC_0012,DATA/RDR/JUPITER/ORBIT_03/JNCR_2016346_03C00111_V03.LBL,https://planetarydata.jpl.nasa.gov/img/data/juno/JNOJNC_0012/DATA/RDR/JUPITER/ORBIT_03/JNCR_2016346_03C00111_V03.LBL,https://planetarydata.jpl.nasa.gov/img/data/juno/JNOJNC_0012/DATA/RDR/JUPITER/ORBIT_03/JNCR_2016346_03C00111_V03.IMG,e1672358b01471bd1f869e60933118f6,0bfafd84470736d0f89deebd4854ff52,53157888,2016-12-11T17:04:08.180,2016-12-11T17:04:23.888,1,1648,16128,JUNOMAKEPDS.PY 0.7,applied,-7.0,False,PJ3 JIRAM orbit-number/kernel mismatch; deferred
JNCR_2016346_03C00113_V02,3,2,JNOJNC_0012,DATA/RDR/JUPITER/ORBIT_03/JNCR_2016346_03C00113_V02.LBL,https://planetarydata.jpl.nasa.gov/img/data/juno/JNOJNC_0012/DATA/RDR/JUPITER/ORBIT_03/JNCR_2016346_03C00113_V02.LBL,https://planetarydata.jpl.nasa.gov/img/data/juno/JNOJNC_0012/DATA/RDR/JUPITER/ORBIT_03/JNCR_2016346_03C00113_V02.IMG,372dbae0964427cbd7860da3144e45b4,ea9bfb7f580c4f61842f14ca694427df,53157888,2016-12-11T17:09:10.336,2016-12-11T17:09:26.044,1,1648,16128,JUNOMAKEPDS.PY 0.7,applied,-7.0,False,PJ3 JIRAM orbit-number/kernel mismatch; deferred
JNCR_2016346_03C00114_V03,3,3,JNOJNC_0012,DATA/RDR/JUPITER/ORBIT_03/JNCR_2016346_03C00114_V03.LBL,https://planetarydata.jpl.nasa.gov/img/data/juno/JNOJNC_0012/DATA/RDR/JUPITER/ORBIT_03/JNCR_2016346_03C00114_V03.LBL,https://planetarydata.jpl.nasa.gov/img/data/juno/JNOJNC_0012/DATA/RDR/JUPITER/ORBIT_03/JNCR_2016346_03C00114_V03.IMG,6be53b240f1d06ea55bf964da723ff75,9e39ea8038f0bcf3456d469b73fce829,50626560,2016-12-11T17:14:13.011,2016-12-11T17:14:27.971,1,1648,15360,JUNOMAKEPDS.PY 0.7,applied,-3.0,False,PJ3 JIRAM orbit-number/kernel mismatch; deferred
JNCR_2016346_03M00115_V03,3,3,JNOJNC_0013,DATA/RDR/JUPITER/ORBIT_03/JNCR_2016346_03M00115_V03.LBL,https://planetarydata.jpl.nasa.gov/img/data/juno/JNOJNC_0013/DATA/RDR/JUPITER/ORBIT_03/JNCR_2016346_03M00115_V03.LBL,https://planetarydata.jpl.nasa.gov/img/data/juno/JNOJNC_0013/DATA/RDR/JUPITER/ORBIT_03/JNCR_2016346_03M00115_V03.IMG,96e7980871e875aa60c28e639b34e4f8,e738a0e74366dab2340cbaf68d41f910,4177920,2016-12-11T17:15:43.562,2016-12-11T17:15:51.042,2,816,2560,JUNOMAKEPDS.PY 0.8,applied,1.0,False,PJ3 JIRAM orbit-number/kernel mismatch; deferred; outside full RGB scope; unsupported sampling or incomplete framelets
JNCR_2016346_03C00116_V01,3,1,JNOJNC_0003,DATA/RDR/JUPITER/ORBIT_03/JNCR_2016346_03C00116_V01.LBL,https://planetarydata.jpl.nasa.gov/img/data/juno/JNOJNC_0003/DATA/RDR/JUPITER/ORBIT_03/JNCR_2016346_03C00116_V01.LBL,https://planetarydata.jpl.nasa.gov/img/data/juno/JNOJNC_0003/DATA/RDR/JUPITER/ORBIT_03/JNCR_2016346_03C00116_V01.IMG,88bb37a875fdf0cf8f94f7471eca6360,8e4218897b220a19112f44d5005a9a78,48095232,2016-12-11T17:22:17.163,2016-12-11T17:22:31.375,1,1648,14592,JUNOMAKEPDS.PY 0.4,undetermined,,False,PJ3 JIRAM orbit-number/kernel mismatch; deferred; old companding pipeline ERRATA B.1; archive timing undetermined
JNCR_2016346_03C00117_V02,3,2,JNOJNC_0012,DATA/RDR/JUPITER/ORBIT_03/JNCR_2016346_03C00117_V02.LBL,https://planetarydata.jpl.nasa.gov/img/data/juno/JNOJNC_0012/DATA/RDR/JUPITER/ORBIT_03/JNCR_2016346_03C00117_V02.LBL,https://planetarydata.jpl.nasa.gov/img/data/juno/JNOJNC_0012/DATA/RDR/JUPITER/ORBIT_03/JNCR_2016346_03C00117_V02.IMG,ec110025c0995b5486f0feb2dbc57af7,d4ee937a5fb5b515bdfd58475ddfc0e2,45563904,2016-12-11T17:26:49.881,2016-12-11T17:27:03.345,1,1648,13824,JUNOMAKEPDS.PY 0.7,applied,-4.0,False,PJ3 JIRAM orbit-number/kernel mismatch; deferred
JNCR_2016346_03C00118_V02,3,2,JNOJNC_0012,DATA/RDR/JUPITER/ORBIT_03/JNCR_2016346_03C00118_V02.LBL,https://planetarydata.jpl.nasa.gov/img/data/juno/JNOJNC_0012/DATA/RDR/JUPITER/ORBIT_03/JNCR_2016346_03C00118_V02.LBL,https://planetarydata.jpl.nasa.gov/img/data/juno/JNOJNC_0012/DATA/RDR/JUPITER/ORBIT_03/JNCR_2016346_03C00118_V02.IMG,ce3db4a91680fecb5ac841411228a0ed,ff00eebb43207fb4d9ab167e28eb3321,40501248,2016-12-11T17:34:55.068,2016-12-11T17:35:07.036,1,1648,12288,JUNOMAKEPDS.PY 0.7,applied,-1.0,False,PJ3 JIRAM orbit-number/kernel mismatch; deferred
JNCR_2016346_03M00119_V02,3,2,JNOJNC_0013,DATA/RDR/JUPITER/ORBIT_03/JNCR_2016346_03M00119_V02.LBL,https://planetarydata.jpl.nasa.gov/img/data/juno/JNOJNC_0013/DATA/RDR/JUPITER/ORBIT_03/JNCR_2016346_03M00119_V02.LBL,https://planetarydata.jpl.nasa.gov/img/data/juno/JNOJNC_0013/DATA/RDR/JUPITER/ORBIT_03/JNCR_2016346_03M00119_V02.IMG,6177b3502038eb2a38abd9409ee56979,5b5f434a62ffd8e2c029358bfb19ed2e,3342336,2016-12-11T17:36:25.842,2016-12-11T17:36:31.826,2,816,2048,JUNOMAKEPDS.PY 0.8,applied,2.0,False,PJ3 JIRAM orbit-number/kernel mismatch; deferred; outside full RGB scope; unsupported sampling or incomplete framelets
JNCR_2016346_03C00120_V03,3,3,JNOJNC_0012,DATA/RDR/JUPITER/ORBIT_03/JNCR_2016346_03C00120_V03.LBL,https://planetarydata.jpl.nasa.gov/img/data/juno/JNOJNC_0012/DATA/RDR/JUPITER/ORBIT_03/JNCR_2016346_03C00120_V03.LBL,https://planetarydata.jpl.nasa.gov/img/data/juno/JNOJNC_0012/DATA/RDR/JUPITER/ORBIT_03/JNCR_2016346_03C00120_V03.IMG,94d391b418f06e48213141ceb1864fe2,b971317c0927483fc7c78e3a4d5f898f,37969920,2016-12-11T17:39:58.287,2016-12-11T17:40:09.507,1,1648,11520,JUNOMAKEPDS.PY 0.7,applied,-2.0,False,PJ3 JIRAM orbit-number/kernel mismatch; deferred
JNCR_2016346_03C00121_V03,3,3,JNOJNC_0012,DATA/RDR/JUPITER/ORBIT_03/JNCR_2016346_03C00121_V03.LBL,https://planetarydata.jpl.nasa.gov/img/data/juno/JNOJNC_0012/DATA/RDR/JUPITER/ORBIT_03/JNCR_2016346_03C00121_V03.LBL,https://planetarydata.jpl.nasa.gov/img/data/juno/JNOJNC_0012/DATA/RDR/JUPITER/ORBIT_03/JNCR_2016346_03C00121_V03.IMG,38918d2db123a285baeea57027cb6fed,3b77b3874b52b0c1f3e6e6d758af50d4,35438592,2016-12-11T17:44:00.923,2016-12-11T17:44:11.395,1,1648,10752,JUNOMAKEPDS.PY 0.7,applied,-3.0,False,PJ3 JIRAM orbit-number/kernel mismatch; deferred
JNCR_2016346_03C00122_V02,3,2,JNOJNC_0012,DATA/RDR/JUPITER/ORBIT_03/JNCR_2016346_03C00122_V02.LBL,https://planetarydata.jpl.nasa.gov/img/data/juno/JNOJNC_0012/DATA/RDR/JUPITER/ORBIT_03/JNCR_2016346_03C00122_V02.LBL,https://planetarydata.jpl.nasa.gov/img/data/juno/JNOJNC_0012/DATA/RDR/JUPITER/ORBIT_03/JNCR_2016346_03C00122_V02.IMG,1ff7edb0d46aaea85cf4b28daf91f619,6de273dd9b182aa0a7832ccd8cfeaca8,32907264,2016-12-11T17:54:07.375,2016-12-11T17:54:17.099,1,1648,9984,JUNOMAKEPDS.PY 0.7,applied,2.0,False,PJ3 JIRAM orbit-number/kernel mismatch; deferred
JNCR_2016346_03M00123_V02,3,2,JNOJNC_0013,DATA/RDR/JUPITER/ORBIT_03/JNCR_2016346_03M00123_V02.LBL,https://planetarydata.jpl.nasa.gov/img/data/juno/JNOJNC_0013/DATA/RDR/JUPITER/ORBIT_03/JNCR_2016346_03M00123_V02.LBL,https://planetarydata.jpl.nasa.gov/img/data/juno/JNOJNC_0013/DATA/RDR/JUPITER/ORBIT_03/JNCR_2016346_03M00123_V02.IMG,d87b80dc08515351cb12190abb3fefe7,47926a393bab989216fad958f932ef65,2715648,2016-12-11T17:55:07.930,2016-12-11T17:55:12.792,2,816,1664,JUNOMAKEPDS.PY 0.8,applied,6.0,False,PJ3 JIRAM orbit-number/kernel mismatch; deferred; outside full RGB scope; unsupported sampling or incomplete framelets
JNCR_2016346_03C00124_V01,3,1,JNOJNC_0003,DATA/RDR/JUPITER/ORBIT_03/JNCR_2016346_03C00124_V01.LBL,https://planetarydata.jpl.nasa.gov/img/data/juno/JNOJNC_0003/DATA/RDR/JUPITER/ORBIT_03/JNCR_2016346_03C00124_V01.LBL,https://planetarydata.jpl.nasa.gov/img/data/juno/JNOJNC_0003/DATA/RDR/JUPITER/ORBIT_03/JNCR_2016346_03C00124_V01.IMG,5fa900670a509468e86614c3fb0a57e7,233c1a0270a150277eb60bce5603ab88,27844608,2016-12-11T18:04:14.351,2016-12-11T18:04:22.579,1,1648,8448,JUNOMAKEPDS.PY 0.4,no_shift_needed,0.0,False,PJ3 JIRAM orbit-number/kernel mismatch; deferred; old companding pipeline ERRATA B.1
JNCR_2016346_03M00125_V02,3,2,JNOJNC_0013,DATA/RDR/JUPITER/ORBIT_03/JNCR_2016346_03M00125_V02.LBL,https://planetarydata.jpl.nasa.gov/img/data/juno/JNOJNC_0013/DATA/RDR/JUPITER/ORBIT_03/JNCR_2016346_03M00125_V02.LBL,https://planetarydata.jpl.nasa.gov/img/data/juno/JNOJNC_0013/DATA/RDR/JUPITER/ORBIT_03/JNCR_2016346_03M00125_V02.IMG,06592a8832b0be7681bee697e6345022,1400741c04ecbb219970ef8631183706,2297856,2016-12-11T18:05:14.976,2016-12-11T18:05:19.090,2,816,1408,JUNOMAKEPDS.PY 0.8,applied,3.0,False,PJ3 JIRAM orbit-number/kernel mismatch; deferred; outside full RGB scope; unsupported sampling or incomplete framelets
JNCR_2016346_03C00126_V03,3,3,JNOJNC_0012,DATA/RDR/JUPITER/ORBIT_03/JNCR_2016346_03C00126_V03.LBL,https://planetarydata.jpl.nasa.gov/img/data/juno/JNOJNC_0012/DATA/RDR/JUPITER/ORBIT_03/JNCR_2016346_03C00126_V03.LBL,https://planetarydata.jpl.nasa.gov/img/data/juno/JNOJNC_0012/DATA/RDR/JUPITER/ORBIT_03/JNCR_2016346_03C00126_V03.IMG,44881bace5112c1e96a344a10320cb11,150b7ca8b91d4540d24b24ec8d9dbefe,27844608,2016-12-11T18:10:48.448,2016-12-11T18:10:56.676,1,1648,8448,JUNOMAKEPDS.PY 0.7,applied,1.0,False,PJ3 JIRAM orbit-number/kernel mismatch; deferred
JNCR_2016346_03M00127_V03,3,3,JNOJNC_0013,DATA/RDR/JUPITER/ORBIT_03/JNCR_2016346_03M00127_V03.LBL,https://planetarydata.jpl.nasa.gov/img/data/juno/JNOJNC_0013/DATA/RDR/JUPITER/ORBIT_03/JNCR_2016346_03M00127_V03.LBL,https://planetarydata.jpl.nasa.gov/img/data/juno/JNOJNC_0013/DATA/RDR/JUPITER/ORBIT_03/JNCR_2016346_03M00127_V03.IMG,67ac6523a0304e44a5309d6032271c3f,82f2dfbc32b86ca27812ea547b413d8c,2297856,2016-12-11T18:11:49.042,2016-12-11T18:11:53.156,2,816,1408,JUNOMAKEPDS.PY 0.8,applied,4.0,False,PJ3 JIRAM orbit-number/kernel mismatch; deferred; outside full RGB scope; unsupported sampling or incomplete framelets
JNCR_2016346_03R00128_V01,3,1,JNOJNC_0003,DATA/RDR/JUPITER/ORBIT_03/JNCR_2016346_03R00128_V01.LBL,https://planetarydata.jpl.nasa.gov/img/data/juno/JNOJNC_0003/DATA/RDR/JUPITER/ORBIT_03/JNCR_2016346_03R00128_V01.LBL,https://planetarydata.jpl.nasa.gov/img/data/juno/JNOJNC_0003/DATA/RDR/JUPITER/ORBIT_03/JNCR_2016346_03R00128_V01.IMG,edbf2ec864874e2e0d55711fbd4f2ee4,e642fbc6ed23e47b2e8d8bb38c8e8883,8437760,2016-12-11T18:12:50.104,2016-12-11T18:12:57.584,1,1648,2560,JUNOMAKEPDS.PY 0.4,absent,,False,PJ3 JIRAM orbit-number/kernel mismatch; deferred; outside full RGB scope; old companding pipeline ERRATA B.1; archive timing absent
JNCR_2016346_03R00129_V01,3,1,JNOJNC_0003,DATA/RDR/JUPITER/ORBIT_03/JNCR_2016346_03R00129_V01.LBL,https://planetarydata.jpl.nasa.gov/img/data/juno/JNOJNC_0003/DATA/RDR/JUPITER/ORBIT_03/JNCR_2016346_03R00129_V01.LBL,https://planetarydata.jpl.nasa.gov/img/data/juno/JNOJNC_0003/DATA/RDR/JUPITER/ORBIT_03/JNCR_2016346_03R00129_V01.IMG,b93b1d7efd9702e4e66d4c90269576bb,3d5f0023bd142cd2ba8caa375f3cb624,8437760,2016-12-11T18:14:51.319,2016-12-11T18:14:58.799,1,1648,2560,JUNOMAKEPDS.PY 0.4,absent,,False,PJ3 JIRAM orbit-number/kernel mismatch; deferred; outside full RGB scope; old companding pipeline ERRATA B.1; archive timing absent
JNCR_2016346_03R00130_V01,3,1,JNOJNC_0003,DATA/RDR/JUPITER/ORBIT_03/JNCR_2016346_03R00130_V01.LBL,https://planetarydata.jpl.nasa.gov/img/data/juno/JNOJNC_0003/DATA/RDR/JUPITER/ORBIT_03/JNCR_2016346_03R00130_V01.LBL,https://planetarydata.jpl.nasa.gov/img/data/juno/JNOJNC_0003/DATA/RDR/JUPITER/ORBIT_03/JNCR_2016346_03R00130_V01.IMG,356fef0abcffc1b7e7a58f49ecb4c214,e2f3fd44543ef028e8871f60e553b340,8437760,2016-12-11T18:16:52.592,2016-12-11T18:17:00.072,1,1648,2560,JUNOMAKEPDS.PY 0.4,absent,,False,PJ3 JIRAM orbit-number/kernel mismatch; deferred; outside full RGB scope; old companding pipeline ERRATA B.1; archive timing absent
JNCR_2016346_03C00131_V01,3,1,JNOJNC_0003,DATA/RDR/JUPITER/ORBIT_03/JNCR_2016346_03C00131_V01.LBL,https://planetarydata.jpl.nasa.gov/img/data/juno/JNOJNC_0003/DATA/RDR/JUPITER/ORBIT_03/JNCR_2016346_03C00131_V01.LBL,https://planetarydata.jpl.nasa.gov/img/data/juno/JNOJNC_0003/DATA/RDR/JUPITER/ORBIT_03/JNCR_2016346_03C00131_V01.IMG,7922cd219d01e9bbc77f1a581886e8b6,cc880b2499120fb7d7d9baf578424674,22781952,2016-12-11T18:30:01.388,2016-12-11T18:30:08.120,1,1648,6912,JUNOMAKEPDS.PY 0.4,absent,,False,PJ3 JIRAM orbit-number/kernel mismatch; deferred; old companding pipeline ERRATA B.1; archive timing absent
JNCR_2016346_03M00132_V01,3,1,JNOJNC_0003,DATA/RDR/JUPITER/ORBIT_03/JNCR_2016346_03M00132_V01.LBL,https://planetarydata.jpl.nasa.gov/img/data/juno/JNOJNC_0003/DATA/RDR/JUPITER/ORBIT_03/JNCR_2016346_03M00132_V01.LBL,https://planetarydata.jpl.nasa.gov/img/data/juno/JNOJNC_0003/DATA/RDR/JUPITER/ORBIT_03/JNCR_2016346_03M00132_V01.IMG,31525fd221c86053e5cef7d7ed6c8dae,6f3ddeb8b622e2ed131dd69fc33bff02,7593984,2016-12-11T18:31:02.091,2016-12-11T18:31:08.823,1,1648,2304,JUNOMAKEPDS.PY 0.4,absent,,False,PJ3 JIRAM orbit-number/kernel mismatch; deferred; outside full RGB scope; old companding pipeline ERRATA B.1; archive timing absent
JNCR_2017086_05C00099_V01,5,1,JNOJNC_0004,DATA/RDR/JUPITER/ORBIT_05/JNCR_2017086_05C00099_V01.LBL,https://planetarydata.jpl.nasa.gov/img/data/juno/JNOJNC_0004/DATA/RDR/JUPITER/ORBIT_05/JNCR_2017086_05C00099_V01.LBL,https://planetarydata.jpl.nasa.gov/img/data/juno/JNOJNC_0004/DATA/RDR/JUPITER/ORBIT_05/JNCR_2017086_05C00099_V01.IMG,7adf60d8eb4291b176ba5865cad37cf5,797461afca58e6894ea4468f653f0745,25313280,2017-03-27T07:30:10.651,2017-03-27T07:30:18.051,1,1648,7680,JUNOMAKEPDS.PY 0.5,undetermined,,False,archive timing undetermined
JNCR_2017086_05C00100_V02,5,2,JNOJNC_0012,DATA/RDR/JUPITER/ORBIT_05/JNCR_2017086_05C00100_V02.LBL,https://planetarydata.jpl.nasa.gov/img/data/juno/JNOJNC_0012/DATA/RDR/JUPITER/ORBIT_05/JNCR_2017086_05C00100_V02.LBL,https://planetarydata.jpl.nasa.gov/img/data/juno/JNOJNC_0012/DATA/RDR/JUPITER/ORBIT_05/JNCR_2017086_05C00100_V02.IMG,754e4facb777db2f8a17ad358b3d9124,35c16e225e9b026fa6834d848028db05,27844608,2017-03-27T07:50:12.208,2017-03-27T07:50:20.348,1,1648,8448,JUNOMAKEPDS.PY 0.7,applied,-3.0,True,full RGB; finite archive timing; individual signal and geometry assessment pending
JNCR_2017086_05C00101_V01,5,1,JNOJNC_0004,DATA/RDR/JUPITER/ORBIT_05/JNCR_2017086_05C00101_V01.LBL,https://planetarydata.jpl.nasa.gov/img/data/juno/JNOJNC_0004/DATA/RDR/JUPITER/ORBIT_05/JNCR_2017086_05C00101_V01.LBL,https://planetarydata.jpl.nasa.gov/img/data/juno/JNOJNC_0004/DATA/RDR/JUPITER/ORBIT_05/JNCR_2017086_05C00101_V01.IMG,f9bb69c9234f00a7fd1dab94f9deedef,d07c1debebbdf6b09a29b9325dd71e58,30375936,2017-03-27T07:58:12.481,2017-03-27T07:58:21.361,1,1648,9216,JUNOMAKEPDS.PY 0.5,undetermined,,False,archive timing undetermined
JNCR_2017086_05C00102_V01,5,1,JNOJNC_0004,DATA/RDR/JUPITER/ORBIT_05/JNCR_2017086_05C00102_V01.LBL,https://planetarydata.jpl.nasa.gov/img/data/juno/JNOJNC_0004/DATA/RDR/JUPITER/ORBIT_05/JNCR_2017086_05C00102_V01.LBL,https://planetarydata.jpl.nasa.gov/img/data/juno/JNOJNC_0004/DATA/RDR/JUPITER/ORBIT_05/JNCR_2017086_05C00102_V01.IMG,0f46cad697bcf716ff239aa548f1fe5f,128c031d6166a18beec329856d1d2c4d,32907264,2017-03-27T08:04:42.645,2017-03-27T08:04:52.265,1,1648,9984,JUNOMAKEPDS.PY 0.5,undetermined,,False,archive timing undetermined
JNCR_2017086_05M00103_V02,5,2,JNOJNC_0013,DATA/RDR/JUPITER/ORBIT_05/JNCR_2017086_05M00103_V02.LBL,https://planetarydata.jpl.nasa.gov/img/data/juno/JNOJNC_0013/DATA/RDR/JUPITER/ORBIT_05/JNCR_2017086_05M00103_V02.LBL,https://planetarydata.jpl.nasa.gov/img/data/juno/JNOJNC_0013/DATA/RDR/JUPITER/ORBIT_05/JNCR_2017086_05M00103_V02.IMG,b1fdaf70dfd892e8c4b3f41d1b721922,5964c4c2ae1a288519fe890ea6241fc3,2715648,2017-03-27T08:05:42.621,2017-03-27T08:05:47.431,2,816,1664,JUNOMAKEPDS.PY 0.8,applied,9.0,False,outside full RGB scope; unsupported sampling or incomplete framelets
JNCR_2017086_05C00104_V02,5,2,JNOJNC_0012,DATA/RDR/JUPITER/ORBIT_05/JNCR_2017086_05C00104_V02.LBL,https://planetarydata.jpl.nasa.gov/img/data/juno/JNOJNC_0012/DATA/RDR/JUPITER/ORBIT_05/JNCR_2017086_05C00104_V02.LBL,https://planetarydata.jpl.nasa.gov/img/data/juno/JNOJNC_0012/DATA/RDR/JUPITER/ORBIT_05/JNCR_2017086_05C00104_V02.IMG,b2f9a790223c6c3387063ca4d3b61cda,b67123fe2c34588a83316d1bb03b2fbb,35438592,2017-03-27T08:13:12.699,2017-03-27T08:13:23.059,1,1648,10752,JUNOMAKEPDS.PY 0.7,applied,2.0,True,full RGB; finite archive timing; individual signal and geometry assessment pending
JNCR_2017086_05C00105_V02,5,2,JNOJNC_0012,DATA/RDR/JUPITER/ORBIT_05/JNCR_2017086_05C00105_V02.LBL,https://planetarydata.jpl.nasa.gov/img/data/juno/JNOJNC_0012/DATA/RDR/JUPITER/ORBIT_05/JNCR_2017086_05C00105_V02.LBL,https://planetarydata.jpl.nasa.gov/img/data/juno/JNOJNC_0012/DATA/RDR/JUPITER/ORBIT_05/JNCR_2017086_05C00105_V02.IMG,0f6bed2dd4fcd51363413566968bc30c,16a58b685664a91966c57b02ddfff8e6,40501248,2017-03-27T08:20:12.296,2017-03-27T08:20:24.136,1,1648,12288,JUNOMAKEPDS.PY 0.7,applied,-3.0,True,full RGB; finite archive timing; individual signal and geometry assessment pending
JNCR_2017086_05C00106_V02,5,2,JNOJNC_0012,DATA/RDR/JUPITER/ORBIT_05/JNCR_2017086_05C00106_V02.LBL,https://planetarydata.jpl.nasa.gov/img/data/juno/JNOJNC_0012/DATA/RDR/JUPITER/ORBIT_05/JNCR_2017086_05C00106_V02.LBL,https://planetarydata.jpl.nasa.gov/img/data/juno/JNOJNC_0012/DATA/RDR/JUPITER/ORBIT_05/JNCR_2017086_05C00106_V02.IMG,4eccaf554a528915e47a4c5be28bd827,79107134857268b209894875aa941602,53157888,2017-03-27T08:46:39.985,2017-03-27T08:46:55.567,1,1648,16128,JUNOMAKEPDS.PY 0.7,applied,-5.0,True,full RGB; finite archive timing; individual signal and geometry assessment pending
JNCR_2017086_05C00107_V02,5,2,JNOJNC_0012,DATA/RDR/JUPITER/ORBIT_05/JNCR_2017086_05C00107_V02.LBL,https://planetarydata.jpl.nasa.gov/img/data/juno/JNOJNC_0012/DATA/RDR/JUPITER/ORBIT_05/JNCR_2017086_05C00107_V02.LBL,https://planetarydata.jpl.nasa.gov/img/data/juno/JNOJNC_0012/DATA/RDR/JUPITER/ORBIT_05/JNCR_2017086_05C00107_V02.IMG,1b41642ead096226505936e30ce2c918,adb9bd88f72cbf73ef9205edacb5f789,53157888,2017-03-27T08:53:09.653,2017-03-27T08:53:25.235,1,1648,16128,JUNOMAKEPDS.PY 0.7,applied,-5.0,True,full RGB; finite archive timing; individual signal and geometry assessment pending
JNCR_2017086_05C00108_V02,5,2,JNOJNC_0012,DATA/RDR/JUPITER/ORBIT_05/JNCR_2017086_05C00108_V02.LBL,https://planetarydata.jpl.nasa.gov/img/data/juno/JNOJNC_0012/DATA/RDR/JUPITER/ORBIT_05/JNCR_2017086_05C00108_V02.LBL,https://planetarydata.jpl.nasa.gov/img/data/juno/JNOJNC_0012/DATA/RDR/JUPITER/ORBIT_05/JNCR_2017086_05C00108_V02.IMG,d4c38bab4a3b672a614796c96407c16d,140ffc9ef4dce4801f39c40562232a89,53157888,2017-03-27T08:59:39.473,2017-03-27T08:59:55.055,1,1648,16128,JUNOMAKEPDS.PY 0.7,applied,-5.0,True,full RGB; finite archive timing; individual signal and geometry assessment pending
JNCR_2017086_05C00109_V02,5,2,JNOJNC_0012,DATA/RDR/JUPITER/ORBIT_05/JNCR_2017086_05C00109_V02.LBL,https://planetarydata.jpl.nasa.gov/img/data/juno/JNOJNC_0012/DATA/RDR/JUPITER/ORBIT_05/JNCR_2017086_05C00109_V02.LBL,https://planetarydata.jpl.nasa.gov/img/data/juno/JNOJNC_0012/DATA/RDR/JUPITER/ORBIT_05/JNCR_2017086_05C00109_V02.IMG,6dcac096f8af9c334ba65c5edfb58b38,68e07bbd8eeda2c0e2cce0d421169fa7,50626560,2017-03-27T09:06:39.539,2017-03-27T09:06:54.379,1,1648,15360,JUNOMAKEPDS.PY 0.7,applied,-2.0,True,full RGB; finite archive timing; individual signal and geometry assessment pending
JNCR_2017086_05C00110_V02,5,2,JNOJNC_0012,DATA/RDR/JUPITER/ORBIT_05/JNCR_2017086_05C00110_V02.LBL,https://planetarydata.jpl.nasa.gov/img/data/juno/JNOJNC_0012/DATA/RDR/JUPITER/ORBIT_05/JNCR_2017086_05C00110_V02.LBL,https://planetarydata.jpl.nasa.gov/img/data/juno/JNOJNC_0012/DATA/RDR/JUPITER/ORBIT_05/JNCR_2017086_05C00110_V02.IMG,6b115e7a6b04fa2f5bf5178202934bef,507f8c9384557bf08785925247caca87,45563904,2017-03-27T09:12:10.331,2017-03-27T09:12:23.687,1,1648,13824,JUNOMAKEPDS.PY 0.7,applied,3.0,True,full RGB; finite archive timing; individual signal and geometry assessment pending
JNCR_2017086_05C00111_V02,5,2,JNOJNC_0012,DATA/RDR/JUPITER/ORBIT_05/JNCR_2017086_05C00111_V02.LBL,https://planetarydata.jpl.nasa.gov/img/data/juno/JNOJNC_0012/DATA/RDR/JUPITER/ORBIT_05/JNCR_2017086_05C00111_V02.LBL,https://planetarydata.jpl.nasa.gov/img/data/juno/JNOJNC_0012/DATA/RDR/JUPITER/ORBIT_05/JNCR_2017086_05C00111_V02.IMG,aec96b2b3786cd829d98610761be0174,39417026bd6add0c2fe457a0cbb21df3,35438592,2017-03-27T09:34:13.064,2017-03-27T09:34:23.452,1,1648,10752,JUNOMAKEPDS.PY 0.7,applied,-3.0,True,full RGB; finite archive timing; individual signal and geometry assessment pending
JNCR_2017086_05C00112_V02,5,2,JNOJNC_0012,DATA/RDR/JUPITER/ORBIT_05/JNCR_2017086_05C00112_V02.LBL,https://planetarydata.jpl.nasa.gov/img/data/juno/JNOJNC_0012/DATA/RDR/JUPITER/ORBIT_05/JNCR_2017086_05C00112_V02.LBL,https://planetarydata.jpl.nasa.gov/img/data/juno/JNOJNC_0012/DATA/RDR/JUPITER/ORBIT_05/JNCR_2017086_05C00112_V02.IMG,da5849b7752d703199ebd696d5511c72,9fd42855cd91c7f67475c7e5269a08f4,30375936,2017-03-27T09:47:15.036,2017-03-27T09:47:23.940,1,1648,9216,JUNOMAKEPDS.PY 0.7,applied,4.0,True,full RGB; finite archive timing; individual signal and geometry assessment pending
JNCR_2017086_05C00113_V02,5,2,JNOJNC_0012,DATA/RDR/JUPITER/ORBIT_05/JNCR_2017086_05C00113_V02.LBL,https://planetarydata.jpl.nasa.gov/img/data/juno/JNOJNC_0012/DATA/RDR/JUPITER/ORBIT_05/JNCR_2017086_05C00113_V02.LBL,https://planetarydata.jpl.nasa.gov/img/data/juno/JNOJNC_0012/DATA/RDR/JUPITER/ORBIT_05/JNCR_2017086_05C00113_V02.IMG,a3cb01b2245c03c668173831cf9afc81,85b6a9daafa1905e9f79b296cd715dc4,25313280,2017-03-27T10:01:47.573,2017-03-27T10:01:54.993,1,1648,7680,JUNOMAKEPDS.PY 0.7,applied,5.0,True,full RGB; finite archive timing; individual signal and geometry assessment pending
JNCR_2017086_05M00114_V02,5,2,JNOJNC_0013,DATA/RDR/JUPITER/ORBIT_05/JNCR_2017086_05M00114_V02.LBL,https://planetarydata.jpl.nasa.gov/img/data/juno/JNOJNC_0013/DATA/RDR/JUPITER/ORBIT_05/JNCR_2017086_05M00114_V02.LBL,https://planetarydata.jpl.nasa.gov/img/data/juno/JNOJNC_0013/DATA/RDR/JUPITER/ORBIT_05/JNCR_2017086_05M00114_V02.IMG,ef0ffd0e779a1ba55a616a14c651701f,24e635c95a01a6f41f863c98beb2c3a5,2088960,2017-03-27T10:02:47.761,2017-03-27T10:02:51.471,2,816,1280,JUNOMAKEPDS.PY 0.8,applied,9.0,False,outside full RGB scope; unsupported sampling or incomplete framelets
JNCR_2017086_05C00115_V02,5,2,JNOJNC_0012,DATA/RDR/JUPITER/ORBIT_05/JNCR_2017086_05C00115_V02.LBL,https://planetarydata.jpl.nasa.gov/img/data/juno/JNOJNC_0012/DATA/RDR/JUPITER/ORBIT_05/JNCR_2017086_05C00115_V02.LBL,https://planetarydata.jpl.nasa.gov/img/data/juno/JNOJNC_0012/DATA/RDR/JUPITER/ORBIT_05/JNCR_2017086_05C00115_V02.IMG,c13d227072c6002419f0b07a8c3fbcdd,36cab55fdc3d54d78b3e5fa6a8108462,22781952,2017-03-27T10:20:20.439,2017-03-27T10:20:27.117,1,1648,6912,JUNOMAKEPDS.PY 0.7,applied,3.0,True,full RGB; finite archive timing; individual signal and geometry assessment pending
JNCR_2017139_06C00098_V02,6,2,JNOJNC_0012,DATA/RDR/JUPITER/ORBIT_06/JNCR_2017139_06C00098_V02.LBL,https://planetarydata.jpl.nasa.gov/img/data/juno/JNOJNC_0012/DATA/RDR/JUPITER/ORBIT_06/JNCR_2017139_06C00098_V02.LBL,https://planetarydata.jpl.nasa.gov/img/data/juno/JNOJNC_0012/DATA/RDR/JUPITER/ORBIT_06/JNCR_2017139_06C00098_V02.IMG,c9776495daa5a8c762402a013d0ef30d,7099cd952be24bf91e3bd97bb7f8cf92,25313280,2017-05-19T04:46:04.284,2017-05-19T04:46:11.744,1,1648,7680,JUNOMAKEPDS.PY 0.7,applied,-2.0,True,full RGB; finite archive timing; individual signal and geometry assessment pending
JNCR_2017139_06C00099_V02,6,2,JNOJNC_0012,DATA/RDR/JUPITER/ORBIT_06/JNCR_2017139_06C00099_V02.LBL,https://planetarydata.jpl.nasa.gov/img/data/juno/JNOJNC_0012/DATA/RDR/JUPITER/ORBIT_06/JNCR_2017139_06C00099_V02.LBL,https://planetarydata.jpl.nasa.gov/img/data/juno/JNOJNC_0012/DATA/RDR/JUPITER/ORBIT_06/JNCR_2017139_06C00099_V02.IMG,504db2f07316443d4b5310c3cf7b4bf3,f6e8e26e5453211d32e2831d96ac185e,25313280,2017-05-19T04:51:06.967,2017-05-19T04:51:14.427,1,1648,7680,JUNOMAKEPDS.PY 0.7,applied,1.0,True,full RGB; finite archive timing; individual signal and geometry assessment pending
JNCR_2017139_06C00100_V01,6,1,JNOJNC_0004,DATA/RDR/JUPITER/ORBIT_06/JNCR_2017139_06C00100_V01.LBL,https://planetarydata.jpl.nasa.gov/img/data/juno/JNOJNC_0004/DATA/RDR/JUPITER/ORBIT_06/JNCR_2017139_06C00100_V01.LBL,https://planetarydata.jpl.nasa.gov/img/data/juno/JNOJNC_0004/DATA/RDR/JUPITER/ORBIT_06/JNCR_2017139_06C00100_V01.IMG,9eb358ca5ef30d72a6b1eeeee7331430,bc22b120b1df1fd505dfacdf042f1acb,27844608,2017-05-19T04:56:09.108,2017-05-19T04:56:17.314,1,1648,8448,JUNOMAKEPDS.PY 0.5,no_shift_needed,0.0,True,full RGB; finite archive timing; individual signal and geometry assessment pending
JNCR_2017139_06C00101_V02,6,2,JNOJNC_0012,DATA/RDR/JUPITER/ORBIT_06/JNCR_2017139_06C00101_V02.LBL,https://planetarydata.jpl.nasa.gov/img/data/juno/JNOJNC_0012/DATA/RDR/JUPITER/ORBIT_06/JNCR_2017139_06C00101_V02.LBL,https://planetarydata.jpl.nasa.gov/img/data/juno/JNOJNC_0012/DATA/RDR/JUPITER/ORBIT_06/JNCR_2017139_06C00101_V02.IMG,67d0450b17812cf9f9b2767139ea4ccb,6e7d1a11d053f2cd50cc8ce522d5f48a,27844608,2017-05-19T05:01:11.631,2017-05-19T05:01:19.837,1,1648,8448,JUNOMAKEPDS.PY 0.7,applied,-3.0,True,full RGB; finite archive timing; individual signal and geometry assessment pending
JNCR_2017139_06C00102_V02,6,2,JNOJNC_0012,DATA/RDR/JUPITER/ORBIT_06/JNCR_2017139_06C00102_V02.LBL,https://planetarydata.jpl.nasa.gov/img/data/juno/JNOJNC_0012/DATA/RDR/JUPITER/ORBIT_06/JNCR_2017139_06C00102_V02.LBL,https://planetarydata.jpl.nasa.gov/img/data/juno/JNOJNC_0012/DATA/RDR/JUPITER/ORBIT_06/JNCR_2017139_06C00102_V02.IMG,415de699868155d7789996749c2112ca,facc1bdd27ce1d9c6b2b68ce43e477f5,30375936,2017-05-19T05:06:13.771,2017-05-19T05:06:22.723,1,1648,9216,JUNOMAKEPDS.PY 0.7,applied,7.0,True,full RGB; finite archive timing; individual signal and geometry assessment pending
JNCR_2017139_06C00103_V02,6,2,JNOJNC_0012,DATA/RDR/JUPITER/ORBIT_06/JNCR_2017139_06C00103_V02.LBL,https://planetarydata.jpl.nasa.gov/img/data/juno/JNOJNC_0012/DATA/RDR/JUPITER/ORBIT_06/JNCR_2017139_06C00103_V02.LBL,https://planetarydata.jpl.nasa.gov/img/data/juno/JNOJNC_0012/DATA/RDR/JUPITER/ORBIT_06/JNCR_2017139_06C00103_V02.IMG,076703ec732e4cc68464404e3aca4a7e,0e3a6a43f841c61ee2be83f8f7199586,32907264,2017-05-19T05:11:15.962,2017-05-19T05:11:25.660,1,1648,9984,JUNOMAKEPDS.PY 0.7,applied,-3.0,True,full RGB; finite archive timing; individual signal and geometry assessment pending
JNCR_2017139_06C00104_V02,6,2,JNOJNC_0012,DATA/RDR/JUPITER/ORBIT_06/JNCR_2017139_06C00104_V02.LBL,https://planetarydata.jpl.nasa.gov/img/data/juno/JNOJNC_0012/DATA/RDR/JUPITER/ORBIT_06/JNCR_2017139_06C00104_V02.LBL,https://planetarydata.jpl.nasa.gov/img/data/juno/JNOJNC_0012/DATA/RDR/JUPITER/ORBIT_06/JNCR_2017139_06C00104_V02.IMG,d05e1307f43aecadf4a3a5cbdeff7913,3aa8b8399a539474506c2ef14e1b1483,32907264,2017-05-19T05:14:47.575,2017-05-19T05:14:57.273,1,1648,9984,JUNOMAKEPDS.PY 0.7,applied,2.0,True,full RGB; finite archive timing; individual signal and geometry assessment pending
JNCR_2017139_06M00105_V02,6,2,JNOJNC_0013,DATA/RDR/JUPITER/ORBIT_06/JNCR_2017139_06M00105_V02.LBL,https://planetarydata.jpl.nasa.gov/img/data/juno/JNOJNC_0013/DATA/RDR/JUPITER/ORBIT_06/JNCR_2017139_06M00105_V02.LBL,https://planetarydata.jpl.nasa.gov/img/data/juno/JNOJNC_0013/DATA/RDR/JUPITER/ORBIT_06/JNCR_2017139_06M00105_V02.IMG,12f13a6df3c06ad63fd24f01af19a503,3d55746e032413d2413732c4bf5f9f2a,10969088,2017-05-19T05:15:48.098,2017-05-19T05:15:57.796,1,1648,3328,JUNOMAKEPDS.PY 0.8,applied,5.0,False,outside full RGB scope
JNCR_2017139_06C00106_V02,6,2,JNOJNC_0012,DATA/RDR/JUPITER/ORBIT_06/JNCR_2017139_06C00106_V02.LBL,https://planetarydata.jpl.nasa.gov/img/data/juno/JNOJNC_0012/DATA/RDR/JUPITER/ORBIT_06/JNCR_2017139_06C00106_V02.LBL,https://planetarydata.jpl.nasa.gov/img/data/juno/JNOJNC_0012/DATA/RDR/JUPITER/ORBIT_06/JNCR_2017139_06C00106_V02.IMG,7130e3ae0620ad73b97836d10a4a7d5f,4dfd5f4960f0693189ef194df9140d40,35438592,2017-05-19T05:19:19.422,2017-05-19T05:19:29.866,1,1648,10752,JUNOMAKEPDS.PY 0.7,applied,2.0,True,full RGB; finite archive timing; individual signal and geometry assessment pending
JNCR_2017139_06C00107_V02,6,2,JNOJNC_0012,DATA/RDR/JUPITER/ORBIT_06/JNCR_2017139_06C00107_V02.LBL,https://planetarydata.jpl.nasa.gov/img/data/juno/JNOJNC_0012/DATA/RDR/JUPITER/ORBIT_06/JNCR_2017139_06C00107_V02.LBL,https://planetarydata.jpl.nasa.gov/img/data/juno/JNOJNC_0012/DATA/RDR/JUPITER/ORBIT_06/JNCR_2017139_06C00107_V02.IMG,4db92353972b37ecae1dca248100e654,578245dd461ea7f9210fe82afe419557,37969920,2017-05-19T05:23:51.192,2017-05-19T05:24:02.382,1,1648,11520,JUNOMAKEPDS.PY 0.7,applied,-1.0,True,full RGB; finite archive timing; individual signal and geometry assessment pending
JNCR_2017139_06C00108_V01,6,1,JNOJNC_0004,DATA/RDR/JUPITER/ORBIT_06/JNCR_2017139_06C00108_V01.LBL,https://planetarydata.jpl.nasa.gov/img/data/juno/JNOJNC_0004/DATA/RDR/JUPITER/ORBIT_06/JNCR_2017139_06C00108_V01.LBL,https://planetarydata.jpl.nasa.gov/img/data/juno/JNOJNC_0004/DATA/RDR/JUPITER/ORBIT_06/JNCR_2017139_06C00108_V01.IMG,4f1a7cef836608c6a9d6b30205d488ae,52ce8dd4a0c298df2d35dd2410c1b9c3,40501248,2017-05-19T05:28:53.082,2017-05-19T05:29:05.018,1,1648,12288,JUNOMAKEPDS.PY 0.5,no_shift_needed,0.0,True,full RGB; finite archive timing; individual signal and geometry assessment pending
JNCR_2017139_06C00109_V02,6,2,JNOJNC_0012,DATA/RDR/JUPITER/ORBIT_06/JNCR_2017139_06C00109_V02.LBL,https://planetarydata.jpl.nasa.gov/img/data/juno/JNOJNC_0012/DATA/RDR/JUPITER/ORBIT_06/JNCR_2017139_06C00109_V02.LBL,https://planetarydata.jpl.nasa.gov/img/data/juno/JNOJNC_0012/DATA/RDR/JUPITER/ORBIT_06/JNCR_2017139_06C00109_V02.IMG,cc0ce40074b10a669c679a2b0f3668b4,e3b33a7ef8a5b5a683391b4b023ecedc,43032576,2017-05-19T05:35:55.933,2017-05-19T05:36:08.615,1,1648,13056,JUNOMAKEPDS.PY 0.7,applied,-2.0,True,full RGB; finite archive timing; individual signal and geometry assessment pending
JNCR_2017139_06C00110_V02,6,2,JNOJNC_0012,DATA/RDR/JUPITER/ORBIT_06/JNCR_2017139_06C00110_V02.LBL,https://planetarydata.jpl.nasa.gov/img/data/juno/JNOJNC_0012/DATA/RDR/JUPITER/ORBIT_06/JNCR_2017139_06C00110_V02.LBL,https://planetarydata.jpl.nasa.gov/img/data/juno/JNOJNC_0012/DATA/RDR/JUPITER/ORBIT_06/JNCR_2017139_06C00110_V02.IMG,63e6696633ed2e9c9c959515c0f33dea,89cb1c123aed24e122c387135e084902,48095232,2017-05-19T05:43:58.335,2017-05-19T05:44:12.509,1,1648,14592,JUNOMAKEPDS.PY 0.7,applied,-3.0,True,full RGB; finite archive timing; individual signal and geometry assessment pending
JNCR_2017139_06C00111_V02,6,2,JNOJNC_0012,DATA/RDR/JUPITER/ORBIT_06/JNCR_2017139_06C00111_V02.LBL,https://planetarydata.jpl.nasa.gov/img/data/juno/JNOJNC_0012/DATA/RDR/JUPITER/ORBIT_06/JNCR_2017139_06C00111_V02.LBL,https://planetarydata.jpl.nasa.gov/img/data/juno/JNOJNC_0012/DATA/RDR/JUPITER/ORBIT_06/JNCR_2017139_06C00111_V02.IMG,131160535f4f4eaf77da7770671bb9c5,763550cfa52aa49913cafa676aae14df,48095232,2017-05-19T05:46:59.623,2017-05-19T05:47:13.797,1,1648,14592,JUNOMAKEPDS.PY 0.7,applied,-2.0,True,full RGB; finite archive timing; individual signal and geometry assessment pending
JNCR_2017139_06C00112_V02,6,2,JNOJNC_0012,DATA/RDR/JUPITER/ORBIT_06/JNCR_2017139_06C00112_V02.LBL,https://planetarydata.jpl.nasa.gov/img/data/juno/JNOJNC_0012/DATA/RDR/JUPITER/ORBIT_06/JNCR_2017139_06C00112_V02.LBL,https://planetarydata.jpl.nasa.gov/img/data/juno/JNOJNC_0012/DATA/RDR/JUPITER/ORBIT_06/JNCR_2017139_06C00112_V02.IMG,7475462dfc4986d62a1ccb9a09f4dc32,bb2d0b7be7f1b9ed50316c281bda986d,50626560,2017-05-19T05:50:30.604,2017-05-19T05:50:45.524,1,1648,15360,JUNOMAKEPDS.PY 0.7,applied,-5.0,True,full RGB; finite archive timing; individual signal and geometry assessment pending
JNCR_2017139_06C00113_V02,6,2,JNOJNC_0012,DATA/RDR/JUPITER/ORBIT_06/JNCR_2017139_06C00113_V02.LBL,https://planetarydata.jpl.nasa.gov/img/data/juno/JNOJNC_0012/DATA/RDR/JUPITER/ORBIT_06/JNCR_2017139_06C00113_V02.LBL,https://planetarydata.jpl.nasa.gov/img/data/juno/JNOJNC_0012/DATA/RDR/JUPITER/ORBIT_06/JNCR_2017139_06C00113_V02.IMG,bd50e8426fdf0009da6b44d74255bee5,624ffbfc211faca3bf7301f943c1a9d7,53157888,2017-05-19T05:55:32.037,2017-05-19T05:55:47.703,1,1648,16128,JUNOMAKEPDS.PY 0.7,applied,1.0,True,full RGB; finite archive timing; individual signal and geometry assessment pending
JNCR_2017139_06C00114_V02,6,2,JNOJNC_0012,DATA/RDR/JUPITER/ORBIT_06/JNCR_2017139_06C00114_V02.LBL,https://planetarydata.jpl.nasa.gov/img/data/juno/JNOJNC_0012/DATA/RDR/JUPITER/ORBIT_06/JNCR_2017139_06C00114_V02.LBL,https://planetarydata.jpl.nasa.gov/img/data/juno/JNOJNC_0012/DATA/RDR/JUPITER/ORBIT_06/JNCR_2017139_06C00114_V02.IMG,a3f74fdb0e9ec9f52e062923f1a628d4,9f4e560f625413bf6f3f6d5a0c23abbe,53157888,2017-05-19T05:59:03.259,2017-05-19T05:59:18.925,1,1648,16128,JUNOMAKEPDS.PY 0.7,applied,-6.0,True,full RGB; finite archive timing; individual signal and geometry assessment pending
JNCR_2017139_06C00115_V02,6,2,JNOJNC_0012,DATA/RDR/JUPITER/ORBIT_06/JNCR_2017139_06C00115_V02.LBL,https://planetarydata.jpl.nasa.gov/img/data/juno/JNOJNC_0012/DATA/RDR/JUPITER/ORBIT_06/JNCR_2017139_06C00115_V02.LBL,https://planetarydata.jpl.nasa.gov/img/data/juno/JNOJNC_0012/DATA/RDR/JUPITER/ORBIT_06/JNCR_2017139_06C00115_V02.IMG,ab967c4b590b0a49c978d69b452ba4c0,5788c75611afa10936924c90d8f64efc,53157888,2017-05-19T06:03:04.775,2017-05-19T06:03:20.441,1,1648,16128,JUNOMAKEPDS.PY 0.7,applied,-7.0,True,full RGB; finite archive timing; individual signal and geometry assessment pending
JNCR_2017139_06M00116_V01,6,1,JNOJNC_0004,DATA/RDR/JUPITER/ORBIT_06/JNCR_2017139_06M00116_V01.LBL,https://planetarydata.jpl.nasa.gov/img/data/juno/JNOJNC_0004/DATA/RDR/JUPITER/ORBIT_06/JNCR_2017139_06M00116_V01.LBL,https://planetarydata.jpl.nasa.gov/img/data/juno/JNOJNC_0004/DATA/RDR/JUPITER/ORBIT_06/JNCR_2017139_06M00116_V01.IMG,11f0b5d45e253f845f3af70408210526,3e004696ac5e353f7e214756f9cb8ed4,17719296,2017-05-19T06:04:35.255,2017-05-19T06:04:50.921,1,1648,5376,JUNOMAKEPDS.PY 0.5,no_shift_needed,0.0,False,outside full RGB scope
JNCR_2017139_06C00117_V02,6,2,JNOJNC_0012,DATA/RDR/JUPITER/ORBIT_06/JNCR_2017139_06C00117_V02.LBL,https://planetarydata.jpl.nasa.gov/img/data/juno/JNOJNC_0012/DATA/RDR/JUPITER/ORBIT_06/JNCR_2017139_06C00117_V02.LBL,https://planetarydata.jpl.nasa.gov/img/data/juno/JNOJNC_0012/DATA/RDR/JUPITER/ORBIT_06/JNCR_2017139_06C00117_V02.IMG,959a1799d844ca2e92812ee789c0d9c6,81913ccbe51f089130f905e6ca5afd9a,50626560,2017-05-19T06:10:37.973,2017-05-19T06:10:52.893,1,1648,15360,JUNOMAKEPDS.PY 0.7,applied,4.0,True,full RGB; finite archive timing; individual signal and geometry assessment pending
JNCR_2017139_06C00118_V02,6,2,JNOJNC_0012,DATA/RDR/JUPITER/ORBIT_06/JNCR_2017139_06C00118_V02.LBL,https://planetarydata.jpl.nasa.gov/img/data/juno/JNOJNC_0012/DATA/RDR/JUPITER/ORBIT_06/JNCR_2017139_06C00118_V02.LBL,https://planetarydata.jpl.nasa.gov/img/data/juno/JNOJNC_0012/DATA/RDR/JUPITER/ORBIT_06/JNCR_2017139_06C00118_V02.IMG,010f966a3244c4888c74380aa1548310,cf1c4cac2418955a5d53aec33f53425a,50626560,2017-05-19T06:13:08.864,2017-05-19T06:13:23.784,1,1648,15360,JUNOMAKEPDS.PY 0.7,applied,-2.0,True,full RGB; finite archive timing; individual signal and geometry assessment pending
JNCR_2017139_06C00119_V01,6,1,JNOJNC_0004,DATA/RDR/JUPITER/ORBIT_06/JNCR_2017139_06C00119_V01.LBL,https://planetarydata.jpl.nasa.gov/img/data/juno/JNOJNC_0004/DATA/RDR/JUPITER/ORBIT_06/JNCR_2017139_06C00119_V01.LBL,https://planetarydata.jpl.nasa.gov/img/data/juno/JNOJNC_0004/DATA/RDR/JUPITER/ORBIT_06/JNCR_2017139_06C00119_V01.IMG,42318feeb55c8c2b5eca564eb785100e,35382f033904d112652e6388d9bda019,50626560,2017-05-19T06:15:39.863,2017-05-19T06:15:54.783,1,1648,15360,JUNOMAKEPDS.PY 0.5,no_shift_needed,0.0,True,full RGB; finite archive timing; individual signal and geometry assessment pending
JNCR_2017139_06M00120_V02,6,2,JNOJNC_0013,DATA/RDR/JUPITER/ORBIT_06/JNCR_2017139_06M00120_V02.LBL,https://planetarydata.jpl.nasa.gov/img/data/juno/JNOJNC_0013/DATA/RDR/JUPITER/ORBIT_06/JNCR_2017139_06M00120_V02.LBL,https://planetarydata.jpl.nasa.gov/img/data/juno/JNOJNC_0013/DATA/RDR/JUPITER/ORBIT_06/JNCR_2017139_06M00120_V02.IMG,51ac142735f3670fa520a9ecc228c9e9,65abad280c0d9fa217149fd890433045,16875520,2017-05-19T06:17:10.469,2017-05-19T06:17:25.389,1,1648,5120,JUNOMAKEPDS.PY 0.8,applied,7.0,False,outside full RGB scope
JNCR_2017139_06C00121_V02,6,2,JNOJNC_0012,DATA/RDR/JUPITER/ORBIT_06/JNCR_2017139_06C00121_V02.LBL,https://planetarydata.jpl.nasa.gov/img/data/juno/JNOJNC_0012/DATA/RDR/JUPITER/ORBIT_06/JNCR_2017139_06C00121_V02.LBL,https://planetarydata.jpl.nasa.gov/img/data/juno/JNOJNC_0012/DATA/RDR/JUPITER/ORBIT_06/JNCR_2017139_06C00121_V02.IMG,0065dba73b93bb9cb85c7fb5d47627c7,afc94d5708578b178224ce1c4c911746,48095232,2017-05-19T06:20:42.312,2017-05-19T06:20:56.486,1,1648,14592,JUNOMAKEPDS.PY 0.7,applied,-3.0,True,full RGB; finite archive timing; individual signal and geometry assessment pending
JNCR_2017139_06C00122_V02,6,2,JNOJNC_0012,DATA/RDR/JUPITER/ORBIT_06/JNCR_2017139_06C00122_V02.LBL,https://planetarydata.jpl.nasa.gov/img/data/juno/JNOJNC_0012/DATA/RDR/JUPITER/ORBIT_06/JNCR_2017139_06C00122_V02.LBL,https://planetarydata.jpl.nasa.gov/img/data/juno/JNOJNC_0012/DATA/RDR/JUPITER/ORBIT_06/JNCR_2017139_06C00122_V02.IMG,1b26d7611e0cde14ba981ff98788768d,f4bde56fb3c921b074255b4a5c855901,43032576,2017-05-19T06:29:47.226,2017-05-19T06:29:59.908,1,1648,13056,JUNOMAKEPDS.PY 0.7,applied,4.0,True,full RGB; finite archive timing; individual signal and geometry assessment pending
JNCR_2017139_06C00123_V02,6,2,JNOJNC_0012,DATA/RDR/JUPITER/ORBIT_06/JNCR_2017139_06C00123_V02.LBL,https://planetarydata.jpl.nasa.gov/img/data/juno/JNOJNC_0012/DATA/RDR/JUPITER/ORBIT_06/JNCR_2017139_06C00123_V02.LBL,https://planetarydata.jpl.nasa.gov/img/data/juno/JNOJNC_0012/DATA/RDR/JUPITER/ORBIT_06/JNCR_2017139_06C00123_V02.IMG,ce85ce87105ee91cc3ee13e6d08a8c6c,7033227b4b9139ebf92b9b66ddf50f6f,37969920,2017-05-19T06:37:51.858,2017-05-19T06:38:03.048,1,1648,11520,JUNOMAKEPDS.PY 0.7,applied,1.0,True,full RGB; finite archive timing; individual signal and geometry assessment pending
JNCR_2017139_06C00124_V02,6,2,JNOJNC_0012,DATA/RDR/JUPITER/ORBIT_06/JNCR_2017139_06C00124_V02.LBL,https://planetarydata.jpl.nasa.gov/img/data/juno/JNOJNC_0012/DATA/RDR/JUPITER/ORBIT_06/JNCR_2017139_06C00124_V02.LBL,https://planetarydata.jpl.nasa.gov/img/data/juno/JNOJNC_0012/DATA/RDR/JUPITER/ORBIT_06/JNCR_2017139_06C00124_V02.IMG,30673ca561afca2feb5d58f37d475631,e8d614d9b037be29c7fe4e702fd16424,35438592,2017-05-19T06:42:54.756,2017-05-19T06:43:05.200,1,1648,10752,JUNOMAKEPDS.PY 0.7,applied,8.0,True,full RGB; finite archive timing; individual signal and geometry assessment pending
JNCR_2017139_06C00125_V02,6,2,JNOJNC_0012,DATA/RDR/JUPITER/ORBIT_06/JNCR_2017139_06C00125_V02.LBL,https://planetarydata.jpl.nasa.gov/img/data/juno/JNOJNC_0012/DATA/RDR/JUPITER/ORBIT_06/JNCR_2017139_06C00125_V02.LBL,https://planetarydata.jpl.nasa.gov/img/data/juno/JNOJNC_0012/DATA/RDR/JUPITER/ORBIT_06/JNCR_2017139_06C00125_V02.IMG,19edb84f0976394bdea0a76d3b0f91d7,16ba0b0b044d0eb0acff3a8da2de1250,32907264,2017-05-19T06:48:58.252,2017-05-19T06:49:07.950,1,1648,9984,JUNOMAKEPDS.PY 0.7,applied,2.0,True,full RGB; finite archive timing; individual signal and geometry assessment pending
JNCR_2017139_06C00126_V02,6,2,JNOJNC_0012,DATA/RDR/JUPITER/ORBIT_06/JNCR_2017139_06C00126_V02.LBL,https://planetarydata.jpl.nasa.gov/img/data/juno/JNOJNC_0012/DATA/RDR/JUPITER/ORBIT_06/JNCR_2017139_06C00126_V02.LBL,https://planetarydata.jpl.nasa.gov/img/data/juno/JNOJNC_0012/DATA/RDR/JUPITER/ORBIT_06/JNCR_2017139_06C00126_V02.IMG,c8ded43e17db6a182647aefc07f039c8,3d5362ccae73f34abdf98d7a4acb2eac,30375936,2017-05-19T06:55:01.810,2017-05-19T06:55:10.762,1,1648,9216,JUNOMAKEPDS.PY 0.7,applied,2.0,True,full RGB; finite archive timing; individual signal and geometry assessment pending
JNCR_2017139_06C00127_V02,6,2,JNOJNC_0012,DATA/RDR/JUPITER/ORBIT_06/JNCR_2017139_06C00127_V02.LBL,https://planetarydata.jpl.nasa.gov/img/data/juno/JNOJNC_0012/DATA/RDR/JUPITER/ORBIT_06/JNCR_2017139_06C00127_V02.LBL,https://planetarydata.jpl.nasa.gov/img/data/juno/JNOJNC_0012/DATA/RDR/JUPITER/ORBIT_06/JNCR_2017139_06C00127_V02.IMG,c09726feb1c2b4eda55bf23c0244b7ab,0c82ab1d556e57bf3a55845e908172fe,27844608,2017-05-19T07:01:05.485,2017-05-19T07:01:13.691,1,1648,8448,JUNOMAKEPDS.PY 0.7,applied,4.0,True,full RGB; finite archive timing; individual signal and geometry assessment pending
JNCR_2017139_06C00128_V01,6,1,JNOJNC_0004,DATA/RDR/JUPITER/ORBIT_06/JNCR_2017139_06C00128_V01.LBL,https://planetarydata.jpl.nasa.gov/img/data/juno/JNOJNC_0004/DATA/RDR/JUPITER/ORBIT_06/JNCR_2017139_06C00128_V01.LBL,https://planetarydata.jpl.nasa.gov/img/data/juno/JNOJNC_0004/DATA/RDR/JUPITER/ORBIT_06/JNCR_2017139_06C00128_V01.IMG,78e66d91c029ef260bb7c4ded5461cc8,7fa250e58be63fc1f9d3f35e7201d9d6,27844608,2017-05-19T07:07:08.797,2017-05-19T07:07:17.003,1,1648,8448,JUNOMAKEPDS.PY 0.5,no_shift_needed,0.0,True,full RGB; finite archive timing; individual signal and geometry assessment pending
JNCR_2017139_06C00129_V02,6,2,JNOJNC_0012,DATA/RDR/JUPITER/ORBIT_06/JNCR_2017139_06C00129_V02.LBL,https://planetarydata.jpl.nasa.gov/img/data/juno/JNOJNC_0012/DATA/RDR/JUPITER/ORBIT_06/JNCR_2017139_06C00129_V02.LBL,https://planetarydata.jpl.nasa.gov/img/data/juno/JNOJNC_0012/DATA/RDR/JUPITER/ORBIT_06/JNCR_2017139_06C00129_V02.IMG,a2233ad4cde2aa4fb04e1c65d62a3925,5f4e4226c4932bc2bb91a8972a910632,25313280,2017-05-19T07:12:42.219,2017-05-19T07:12:49.679,1,1648,7680,JUNOMAKEPDS.PY 0.7,applied,-2.0,True,full RGB; finite archive timing; individual signal and geometry assessment pending
JNCR_2017139_06M00130_V02,6,2,JNOJNC_0013,DATA/RDR/JUPITER/ORBIT_06/JNCR_2017139_06M00130_V02.LBL,https://planetarydata.jpl.nasa.gov/img/data/juno/JNOJNC_0013/DATA/RDR/JUPITER/ORBIT_06/JNCR_2017139_06M00130_V02.LBL,https://planetarydata.jpl.nasa.gov/img/data/juno/JNOJNC_0013/DATA/RDR/JUPITER/ORBIT_06/JNCR_2017139_06M00130_V02.IMG,e583597ca0257865361282f9deed876d,2d54487e756da60750e3ef2a297fed31,8437760,2017-05-19T07:13:42.824,2017-05-19T07:13:50.284,1,1648,2560,JUNOMAKEPDS.PY 0.8,applied,13.0,False,outside full RGB scope
JNCR_2017139_06C00131_V02,6,2,JNOJNC_0012,DATA/RDR/JUPITER/ORBIT_06/JNCR_2017139_06C00131_V02.LBL,https://planetarydata.jpl.nasa.gov/img/data/juno/JNOJNC_0012/DATA/RDR/JUPITER/ORBIT_06/JNCR_2017139_06C00131_V02.LBL,https://planetarydata.jpl.nasa.gov/img/data/juno/JNOJNC_0012/DATA/RDR/JUPITER/ORBIT_06/JNCR_2017139_06C00131_V02.IMG,cc6f6ad74ecc6ad4579c4ea5a72787c1,057903cf7ed3a5621fa6a484c49a0481,25313280,2017-05-19T07:19:15.878,2017-05-19T07:19:23.338,1,1648,7680,JUNOMAKEPDS.PY 0.7,applied,2.0,True,full RGB; finite archive timing; individual signal and geometry assessment pending
JNCR_2017139_06C00132_V01,6,1,JNOJNC_0004,DATA/RDR/JUPITER/ORBIT_06/JNCR_2017139_06C00132_V01.LBL,https://planetarydata.jpl.nasa.gov/img/data/juno/JNOJNC_0004/DATA/RDR/JUPITER/ORBIT_06/JNCR_2017139_06C00132_V01.LBL,https://planetarydata.jpl.nasa.gov/img/data/juno/JNOJNC_0004/DATA/RDR/JUPITER/ORBIT_06/JNCR_2017139_06C00132_V01.IMG,bb678fa0ee88e91d2f38fac9ff140a34,869e8b65f8ce9340c42e34437dd556ae,22781952,2017-05-19T07:25:19.694,2017-05-19T07:25:26.408,1,1648,6912,JUNOMAKEPDS.PY 0.5,no_shift_needed,0.0,True,full RGB; finite archive timing; individual signal and geometry assessment pending
JNCR_2017139_06C00133_V02,6,2,JNOJNC_0012,DATA/RDR/JUPITER/ORBIT_06/JNCR_2017139_06C00133_V02.LBL,https://planetarydata.jpl.nasa.gov/img/data/juno/JNOJNC_0012/DATA/RDR/JUPITER/ORBIT_06/JNCR_2017139_06C00133_V02.LBL,https://planetarydata.jpl.nasa.gov/img/data/juno/JNOJNC_0012/DATA/RDR/JUPITER/ORBIT_06/JNCR_2017139_06C00133_V02.IMG,bdf8b0044560461b15a498be0dcf58c8,7f66d2954bd8d884d2db1d63ef80dfe8,22781952,2017-05-19T07:30:52.815,2017-05-19T07:30:59.529,1,1648,6912,JUNOMAKEPDS.PY 0.7,applied,3.0,True,full RGB; finite archive timing; individual signal and geometry assessment pending
JNCR_2017244_08C00103_V01,8,1,JNOJNC_0005,DATA/RDR/JUPITER/ORBIT_08/JNCR_2017244_08C00103_V01.LBL,https://planetarydata.jpl.nasa.gov/img/data/juno/JNOJNC_0005/DATA/RDR/JUPITER/ORBIT_08/JNCR_2017244_08C00103_V01.LBL,https://planetarydata.jpl.nasa.gov/img/data/juno/JNOJNC_0005/DATA/RDR/JUPITER/ORBIT_08/JNCR_2017244_08C00103_V01.IMG,1b14992a1a92a7d274dcb2d29c230234,c1c8930ef667b4d3337c3f18fc998e38,27844608,2017-09-01T20:45:11.368,2017-09-01T20:45:19.552,1,1648,8448,JUNOMAKEPDS.PY 0.6,absent,,False,archive timing absent
JNCR_2017244_08M00104_V01,8,1,JNOJNC_0005,DATA/RDR/JUPITER/ORBIT_08/JNCR_2017244_08M00104_V01.LBL,https://planetarydata.jpl.nasa.gov/img/data/juno/JNOJNC_0005/DATA/RDR/JUPITER/ORBIT_08/JNCR_2017244_08M00104_V01.LBL,https://planetarydata.jpl.nasa.gov/img/data/juno/JNOJNC_0005/DATA/RDR/JUPITER/ORBIT_08/JNCR_2017244_08M00104_V01.IMG,ba03902798a7795b0dc3a77b4c51509f,d27158b57ccb3ac88298bd9f9bf6b531,9281536,2017-09-01T20:46:11.634,2017-09-01T20:46:19.818,1,1648,2816,JUNOMAKEPDS.PY 0.6,absent,,False,outside full RGB scope; archive timing absent
JNCR_2017244_08C00105_V02,8,2,JNOJNC_0012,DATA/RDR/JUPITER/ORBIT_08/JNCR_2017244_08C00105_V02.LBL,https://planetarydata.jpl.nasa.gov/img/data/juno/JNOJNC_0012/DATA/RDR/JUPITER/ORBIT_08/JNCR_2017244_08C00105_V02.LBL,https://planetarydata.jpl.nasa.gov/img/data/juno/JNOJNC_0012/DATA/RDR/JUPITER/ORBIT_08/JNCR_2017244_08C00105_V02.IMG,46c4c51004c0d76f4a10c6561658d8a9,c42b7fa14d72f5c8fc9e94bebaf3d60f,35438592,2017-09-01T21:04:45.597,2017-09-01T21:04:56.013,1,1648,10752,JUNOMAKEPDS.PY 0.7,applied,2.0,True,full RGB; finite archive timing; individual signal and geometry assessment pending
JNCR_2017244_08M00106_V02,8,2,JNOJNC_0013,DATA/RDR/JUPITER/ORBIT_08/JNCR_2017244_08M00106_V02.LBL,https://planetarydata.jpl.nasa.gov/img/data/juno/JNOJNC_0013/DATA/RDR/JUPITER/ORBIT_08/JNCR_2017244_08M00106_V02.LBL,https://planetarydata.jpl.nasa.gov/img/data/juno/JNOJNC_0013/DATA/RDR/JUPITER/ORBIT_08/JNCR_2017244_08M00106_V02.IMG,7204bfe13d2c469c865d71c54c2d4b05,2f3863b93ec0307b5ab6a149dfe138d9,11812864,2017-09-01T21:06:16.062,2017-09-01T21:06:26.478,1,1648,3584,JUNOMAKEPDS.PY 0.8,applied,5.0,False,outside full RGB scope
JNCR_2017244_08C00107_V02,8,2,JNOJNC_0012,DATA/RDR/JUPITER/ORBIT_08/JNCR_2017244_08C00107_V02.LBL,https://planetarydata.jpl.nasa.gov/img/data/juno/JNOJNC_0012/DATA/RDR/JUPITER/ORBIT_08/JNCR_2017244_08C00107_V02.LBL,https://planetarydata.jpl.nasa.gov/img/data/juno/JNOJNC_0012/DATA/RDR/JUPITER/ORBIT_08/JNCR_2017244_08C00107_V02.IMG,d9e18237b80e2330a0bd1c921efcab6e,1aa31f600c299469f9ecb03954d9c5b4,37969920,2017-09-01T21:15:17.854,2017-09-01T21:15:29.014,1,1648,11520,JUNOMAKEPDS.PY 0.7,applied,1.0,True,full RGB; finite archive timing; individual signal and geometry assessment pending
JNCR_2017244_08C00108_V02,8,2,JNOJNC_0012,DATA/RDR/JUPITER/ORBIT_08/JNCR_2017244_08C00108_V02.LBL,https://planetarydata.jpl.nasa.gov/img/data/juno/JNOJNC_0012/DATA/RDR/JUPITER/ORBIT_08/JNCR_2017244_08C00108_V02.LBL,https://planetarydata.jpl.nasa.gov/img/data/juno/JNOJNC_0012/DATA/RDR/JUPITER/ORBIT_08/JNCR_2017244_08C00108_V02.IMG,43efb354cba844d52400b6115b763f88,a875eda0686ea38fea1c7341e80d19a3,45563904,2017-09-01T21:29:19.822,2017-09-01T21:29:33.214,1,1648,13824,JUNOMAKEPDS.PY 0.7,applied,-7.0,True,full RGB; finite archive timing; individual signal and geometry assessment pending
JNCR_2017244_08C00109_V02,8,2,JNOJNC_0012,DATA/RDR/JUPITER/ORBIT_08/JNCR_2017244_08C00109_V02.LBL,https://planetarydata.jpl.nasa.gov/img/data/juno/JNOJNC_0012/DATA/RDR/JUPITER/ORBIT_08/JNCR_2017244_08C00109_V02.LBL,https://planetarydata.jpl.nasa.gov/img/data/juno/JNOJNC_0012/DATA/RDR/JUPITER/ORBIT_08/JNCR_2017244_08C00109_V02.IMG,5cf4bf8e0f730db969bc75f41a3c89d3,07ec5768bc5155b7a502b60d715419c4,48095232,2017-09-01T21:31:19.712,2017-09-01T21:31:33.848,1,1648,14592,JUNOMAKEPDS.PY 0.7,applied,-3.0,True,full RGB; finite archive timing; individual signal and geometry assessment pending
JNCR_2017244_08C00110_V02,8,2,JNOJNC_0012,DATA/RDR/JUPITER/ORBIT_08/JNCR_2017244_08C00110_V02.LBL,https://planetarydata.jpl.nasa.gov/img/data/juno/JNOJNC_0012/DATA/RDR/JUPITER/ORBIT_08/JNCR_2017244_08C00110_V02.LBL,https://planetarydata.jpl.nasa.gov/img/data/juno/JNOJNC_0012/DATA/RDR/JUPITER/ORBIT_08/JNCR_2017244_08C00110_V02.IMG,37266624da5f8784bf254430a7bbbc0d,6cd68e13f23b7a7e37055e71d9e6835b,50626560,2017-09-01T21:37:50.415,2017-09-01T21:38:05.295,1,1648,15360,JUNOMAKEPDS.PY 0.7,applied,-9.0,True,full RGB; finite archive timing; individual signal and geometry assessment pending
JNCR_2017244_08C00111_V02,8,2,JNOJNC_0012,DATA/RDR/JUPITER/ORBIT_08/JNCR_2017244_08C00111_V02.LBL,https://planetarydata.jpl.nasa.gov/img/data/juno/JNOJNC_0012/DATA/RDR/JUPITER/ORBIT_08/JNCR_2017244_08C00111_V02.LBL,https://planetarydata.jpl.nasa.gov/img/data/juno/JNOJNC_0012/DATA/RDR/JUPITER/ORBIT_08/JNCR_2017244_08C00111_V02.IMG,10c8059a0539a78f93f6d41bd65262bc,c988652faf58fc10e582c4798ec8f8f6,50626560,2017-09-01T21:40:20.782,2017-09-01T21:40:35.662,1,1648,15360,JUNOMAKEPDS.PY 0.7,applied,4.0,True,full RGB; finite archive timing; individual signal and geometry assessment pending
JNCR_2017244_08C00112_V02,8,2,JNOJNC_0012,DATA/RDR/JUPITER/ORBIT_08/JNCR_2017244_08C00112_V02.LBL,https://planetarydata.jpl.nasa.gov/img/data/juno/JNOJNC_0012/DATA/RDR/JUPITER/ORBIT_08/JNCR_2017244_08C00112_V02.LBL,https://planetarydata.jpl.nasa.gov/img/data/juno/JNOJNC_0012/DATA/RDR/JUPITER/ORBIT_08/JNCR_2017244_08C00112_V02.IMG,c825c8fd0c87e0caaf8fb1cb8715683f,43cc627073d49533454f16f9ea2e2cd4,53157888,2017-09-01T21:42:50.704,2017-09-01T21:43:06.328,1,1648,16128,JUNOMAKEPDS.PY 0.7,applied,-7.0,True,full RGB; finite archive timing; individual signal and geometry assessment pending
JNCR_2017244_08C00113_V02,8,2,JNOJNC_0012,DATA/RDR/JUPITER/ORBIT_08/JNCR_2017244_08C00113_V02.LBL,https://planetarydata.jpl.nasa.gov/img/data/juno/JNOJNC_0012/DATA/RDR/JUPITER/ORBIT_08/JNCR_2017244_08C00113_V02.LBL,https://planetarydata.jpl.nasa.gov/img/data/juno/JNOJNC_0012/DATA/RDR/JUPITER/ORBIT_08/JNCR_2017244_08C00113_V02.IMG,b8d311bf05eb8304cd2adaef8e659744,d6398bcdb9ed3d894f78b79e16a4a341,53157888,2017-09-01T21:46:51.215,2017-09-01T21:47:06.839,1,1648,16128,JUNOMAKEPDS.PY 0.7,applied,-3.0,True,full RGB; finite archive timing; individual signal and geometry assessment pending
JNCR_2017244_08C00114_V02,8,2,JNOJNC_0012,DATA/RDR/JUPITER/ORBIT_08/JNCR_2017244_08C00114_V02.LBL,https://planetarydata.jpl.nasa.gov/img/data/juno/JNOJNC_0012/DATA/RDR/JUPITER/ORBIT_08/JNCR_2017244_08C00114_V02.LBL,https://planetarydata.jpl.nasa.gov/img/data/juno/JNOJNC_0012/DATA/RDR/JUPITER/ORBIT_08/JNCR_2017244_08C00114_V02.IMG,cd1b7cea47019d6341f0049911ae83da,1b964f8a408a0cd3e6f24e81c0f284ef,53157888,2017-09-01T21:49:21.520,2017-09-01T21:49:37.144,1,1648,16128,JUNOMAKEPDS.PY 0.7,applied,-5.0,True,full RGB; finite archive timing; individual signal and geometry assessment pending
JNCR_2017244_08M00115_V02,8,2,JNOJNC_0013,DATA/RDR/JUPITER/ORBIT_08/JNCR_2017244_08M00115_V02.LBL,https://planetarydata.jpl.nasa.gov/img/data/juno/JNOJNC_0013/DATA/RDR/JUPITER/ORBIT_08/JNCR_2017244_08M00115_V02.LBL,https://planetarydata.jpl.nasa.gov/img/data/juno/JNOJNC_0013/DATA/RDR/JUPITER/ORBIT_08/JNCR_2017244_08M00115_V02.IMG,33678f6de80e4cfee1c135fd8462733f,546b14d6658be5b699e2fa01c6d81158,4386816,2017-09-01T21:50:51.570,2017-09-01T21:50:59.382,2,816,2688,JUNOMAKEPDS.PY 0.8,applied,2.0,False,outside full RGB scope; unsupported sampling or incomplete framelets
JNCR_2017244_08C00116_V02,8,2,JNOJNC_0012,DATA/RDR/JUPITER/ORBIT_08/JNCR_2017244_08C00116_V02.LBL,https://planetarydata.jpl.nasa.gov/img/data/juno/JNOJNC_0012/DATA/RDR/JUPITER/ORBIT_08/JNCR_2017244_08C00116_V02.LBL,https://planetarydata.jpl.nasa.gov/img/data/juno/JNOJNC_0012/DATA/RDR/JUPITER/ORBIT_08/JNCR_2017244_08C00116_V02.IMG,10c1054d8f42832dcdbf97b724b26ea8,be8cf6ed9fe44192909661f748e76d85,53157888,2017-09-01T21:54:22.031,2017-09-01T21:54:37.655,1,1648,16128,JUNOMAKEPDS.PY 0.7,applied,-3.0,True,full RGB; finite archive timing; individual signal and geometry assessment pending
JNCR_2017244_08C00117_V02,8,2,JNOJNC_0012,DATA/RDR/JUPITER/ORBIT_08/JNCR_2017244_08C00117_V02.LBL,https://planetarydata.jpl.nasa.gov/img/data/juno/JNOJNC_0012/DATA/RDR/JUPITER/ORBIT_08/JNCR_2017244_08C00117_V02.LBL,https://planetarydata.jpl.nasa.gov/img/data/juno/JNOJNC_0012/DATA/RDR/JUPITER/ORBIT_08/JNCR_2017244_08C00117_V02.IMG,9dcbd0d6af3bb35d0e977318c34f1df1,2b9b5c0496ac79c25f4db87910b7c4c6,50626560,2017-09-01T21:58:52.898,2017-09-01T21:59:07.778,1,1648,15360,JUNOMAKEPDS.PY 0.7,applied,-5.0,True,full RGB; finite archive timing; individual signal and geometry assessment pending
JNCR_2017244_08C00118_V02,8,2,JNOJNC_0012,DATA/RDR/JUPITER/ORBIT_08/JNCR_2017244_08C00118_V02.LBL,https://planetarydata.jpl.nasa.gov/img/data/juno/JNOJNC_0012/DATA/RDR/JUPITER/ORBIT_08/JNCR_2017244_08C00118_V02.LBL,https://planetarydata.jpl.nasa.gov/img/data/juno/JNOJNC_0012/DATA/RDR/JUPITER/ORBIT_08/JNCR_2017244_08C00118_V02.IMG,7cafa9a279a5c283d252a04ee9dc1bb0,e606acb921ae3141675f8cea542c78f1,50626560,2017-09-01T22:03:23.523,2017-09-01T22:03:38.403,1,1648,15360,JUNOMAKEPDS.PY 0.7,applied,-1.0,True,full RGB; finite archive timing; individual signal and geometry assessment pending
JNCR_2017244_08C00119_V02,8,2,JNOJNC_0012,DATA/RDR/JUPITER/ORBIT_08/JNCR_2017244_08C00119_V02.LBL,https://planetarydata.jpl.nasa.gov/img/data/juno/JNOJNC_0012/DATA/RDR/JUPITER/ORBIT_08/JNCR_2017244_08C00119_V02.LBL,https://planetarydata.jpl.nasa.gov/img/data/juno/JNOJNC_0012/DATA/RDR/JUPITER/ORBIT_08/JNCR_2017244_08C00119_V02.IMG,97f11f76aeca6c754d0869920b6754a2,696408c90c7c3c2c684b992e76e3c084,48095232,2017-09-01T22:05:54.265,2017-09-01T22:06:08.401,1,1648,14592,JUNOMAKEPDS.PY 0.7,applied,-2.0,True,full RGB; finite archive timing; individual signal and geometry assessment pending
JNCR_2017244_08C00120_V02,8,2,JNOJNC_0012,DATA/RDR/JUPITER/ORBIT_08/JNCR_2017244_08C00120_V02.LBL,https://planetarydata.jpl.nasa.gov/img/data/juno/JNOJNC_0012/DATA/RDR/JUPITER/ORBIT_08/JNCR_2017244_08C00120_V02.LBL,https://planetarydata.jpl.nasa.gov/img/data/juno/JNOJNC_0012/DATA/RDR/JUPITER/ORBIT_08/JNCR_2017244_08C00120_V02.IMG,e6f80653486b89c08da8075250034578,9c8f0cf30bd028b46b7e0e981c80dddb,48095232,2017-09-01T22:07:54.616,2017-09-01T22:08:08.752,1,1648,14592,JUNOMAKEPDS.PY 0.7,applied,-1.0,True,full RGB; finite archive timing; individual signal and geometry assessment pending
JNCR_2017244_08C00121_V01,8,1,JNOJNC_0005,DATA/RDR/JUPITER/ORBIT_08/JNCR_2017244_08C00121_V01.LBL,https://planetarydata.jpl.nasa.gov/img/data/juno/JNOJNC_0005/DATA/RDR/JUPITER/ORBIT_08/JNCR_2017244_08C00121_V01.LBL,https://planetarydata.jpl.nasa.gov/img/data/juno/JNOJNC_0005/DATA/RDR/JUPITER/ORBIT_08/JNCR_2017244_08C00121_V01.IMG,45c7e701a6be0344452cfaea12ce3d15,788ee63e4d4aaaf020a60c71f0d8452d,45563904,2017-09-01T22:11:25.577,2017-09-01T22:11:38.969,1,1648,13824,JUNOMAKEPDS.PY 0.6,no_shift_needed,0.0,True,full RGB; finite archive timing; individual signal and geometry assessment pending
JNCR_2017244_08C00122_V02,8,2,JNOJNC_0012,DATA/RDR/JUPITER/ORBIT_08/JNCR_2017244_08C00122_V02.LBL,https://planetarydata.jpl.nasa.gov/img/data/juno/JNOJNC_0012/DATA/RDR/JUPITER/ORBIT_08/JNCR_2017244_08C00122_V02.LBL,https://planetarydata.jpl.nasa.gov/img/data/juno/JNOJNC_0012/DATA/RDR/JUPITER/ORBIT_08/JNCR_2017244_08C00122_V02.IMG,b08d63ca70eee461e494eff3fe57a23b,562b478af713f030c9f97116524c40e9,43032576,2017-09-01T22:14:26.584,2017-09-01T22:14:39.232,1,1648,13056,JUNOMAKEPDS.PY 0.7,applied,-3.0,True,full RGB; finite archive timing; individual signal and geometry assessment pending
JNCR_2017244_08C00123_V02,8,2,JNOJNC_0012,DATA/RDR/JUPITER/ORBIT_08/JNCR_2017244_08C00123_V02.LBL,https://planetarydata.jpl.nasa.gov/img/data/juno/JNOJNC_0012/DATA/RDR/JUPITER/ORBIT_08/JNCR_2017244_08C00123_V02.LBL,https://planetarydata.jpl.nasa.gov/img/data/juno/JNOJNC_0012/DATA/RDR/JUPITER/ORBIT_08/JNCR_2017244_08C00123_V02.IMG,71efe153acae767f54cdf44b1938197a,e102961d74474f4c2a69535e46a0c365,40501248,2017-09-01T22:18:57.994,2017-09-01T22:19:09.898,1,1648,12288,JUNOMAKEPDS.PY 0.7,applied,-1.0,True,full RGB; finite archive timing; individual signal and geometry assessment pending
JNCR_2017244_08C00124_V02,8,2,JNOJNC_0012,DATA/RDR/JUPITER/ORBIT_08/JNCR_2017244_08C00124_V02.LBL,https://planetarydata.jpl.nasa.gov/img/data/juno/JNOJNC_0012/DATA/RDR/JUPITER/ORBIT_08/JNCR_2017244_08C00124_V02.LBL,https://planetarydata.jpl.nasa.gov/img/data/juno/JNOJNC_0012/DATA/RDR/JUPITER/ORBIT_08/JNCR_2017244_08C00124_V02.IMG,235b64b1089dc5d80c2a8455271901ee,dbdd415dde5422c18300a4f228cbc107,32907264,2017-09-01T22:34:02.817,2017-09-01T22:34:12.489,1,1648,9984,JUNOMAKEPDS.PY 0.7,applied,5.0,True,full RGB; finite archive timing; individual signal and geometry assessment pending
JNCR_2017244_08C00125_V02,8,2,JNOJNC_0012,DATA/RDR/JUPITER/ORBIT_08/JNCR_2017244_08C00125_V02.LBL,https://planetarydata.jpl.nasa.gov/img/data/juno/JNOJNC_0012/DATA/RDR/JUPITER/ORBIT_08/JNCR_2017244_08C00125_V02.LBL,https://planetarydata.jpl.nasa.gov/img/data/juno/JNOJNC_0012/DATA/RDR/JUPITER/ORBIT_08/JNCR_2017244_08C00125_V02.IMG,19ab34e34abadd82167ae58148e22319,5485552dd64adaa05c7e61a76364bd88,30375936,2017-09-01T22:48:07.101,2017-09-01T22:48:16.029,1,1648,9216,JUNOMAKEPDS.PY 0.7,applied,2.0,True,full RGB; finite archive timing; individual signal and geometry assessment pending
JNCR_2017244_08C00126_V01,8,1,JNOJNC_0005,DATA/RDR/JUPITER/ORBIT_08/JNCR_2017244_08C00126_V01.LBL,https://planetarydata.jpl.nasa.gov/img/data/juno/JNOJNC_0005/DATA/RDR/JUPITER/ORBIT_08/JNCR_2017244_08C00126_V01.LBL,https://planetarydata.jpl.nasa.gov/img/data/juno/JNOJNC_0005/DATA/RDR/JUPITER/ORBIT_08/JNCR_2017244_08C00126_V01.IMG,90e24121aa44ddd209047e15bf1b79d9,1684edebee985c1762301c009b35ec30,25313280,2017-09-01T23:04:42.975,2017-09-01T23:04:50.415,1,1648,7680,JUNOMAKEPDS.PY 0.6,no_shift_needed,0.0,True,full RGB; finite archive timing; individual signal and geometry assessment pending
JNCR_2017244_08M00127_V02,8,2,JNOJNC_0013,DATA/RDR/JUPITER/ORBIT_08/JNCR_2017244_08M00127_V02.LBL,https://planetarydata.jpl.nasa.gov/img/data/juno/JNOJNC_0013/DATA/RDR/JUPITER/ORBIT_08/JNCR_2017244_08M00127_V02.LBL,https://planetarydata.jpl.nasa.gov/img/data/juno/JNOJNC_0013/DATA/RDR/JUPITER/ORBIT_08/JNCR_2017244_08M00127_V02.IMG,ce30b93c6bacef000e8bff00a6bdbf0b,3ff04a9aa0ea9064b16d7be58c1de9fb,8437760,2017-09-01T23:05:43.264,2017-09-01T23:05:50.704,1,1648,2560,JUNOMAKEPDS.PY 0.8,applied,5.0,False,outside full RGB scope
JNCR_2018091_12C00073_V01,12,1,JNOJNC_0007,DATA/RDR/JUPITER/ORBIT_12/JNCR_2018091_12C00073_V01.LBL,https://planetarydata.jpl.nasa.gov/img/data/juno/JNOJNC_0007/DATA/RDR/JUPITER/ORBIT_12/JNCR_2018091_12C00073_V01.LBL,https://planetarydata.jpl.nasa.gov/img/data/juno/JNOJNC_0007/DATA/RDR/JUPITER/ORBIT_12/JNCR_2018091_12C00073_V01.IMG,5b3502b72bf55d556a19213887c4bf45,6c2e89035a788c2f56d89a450a88f4ff,22781952,2018-04-01T08:16:05.770,2018-04-01T08:16:12.574,1,1648,6912,JUNOMAKEPDS.PY 0.6,undetermined,,False,archive timing undetermined
JNCR_2018091_12C00074_V01,12,1,JNOJNC_0007,DATA/RDR/JUPITER/ORBIT_12/JNCR_2018091_12C00074_V01.LBL,https://planetarydata.jpl.nasa.gov/img/data/juno/JNOJNC_0007/DATA/RDR/JUPITER/ORBIT_12/JNCR_2018091_12C00074_V01.LBL,https://planetarydata.jpl.nasa.gov/img/data/juno/JNOJNC_0007/DATA/RDR/JUPITER/ORBIT_12/JNCR_2018091_12C00074_V01.IMG,4ac08510fd642b7d66eb8627f4cf67d9,c4cfee19f746863e6142c7840a5a6f26,25313280,2018-04-01T08:30:55.175,2018-04-01T08:31:02.735,1,1648,7680,JUNOMAKEPDS.PY 0.6,undetermined,,False,archive timing undetermined
JNCR_2018091_12C00075_V01,12,1,JNOJNC_0007,DATA/RDR/JUPITER/ORBIT_12/JNCR_2018091_12C00075_V01.LBL,https://planetarydata.jpl.nasa.gov/img/data/juno/JNOJNC_0007/DATA/RDR/JUPITER/ORBIT_12/JNCR_2018091_12C00075_V01.LBL,https://planetarydata.jpl.nasa.gov/img/data/juno/JNOJNC_0007/DATA/RDR/JUPITER/ORBIT_12/JNCR_2018091_12C00075_V01.IMG,6d0824c020465081d5ed693d2afd8dcf,9daae8f39b140be1ab1c1114bd4c37fb,27844608,2018-04-01T08:46:15.099,2018-04-01T08:46:23.415,1,1648,8448,JUNOMAKEPDS.PY 0.6,undetermined,,False,archive timing undetermined
JNCR_2018091_12C00076_V01,12,1,JNOJNC_0007,DATA/RDR/JUPITER/ORBIT_12/JNCR_2018091_12C00076_V01.LBL,https://planetarydata.jpl.nasa.gov/img/data/juno/JNOJNC_0007/DATA/RDR/JUPITER/ORBIT_12/JNCR_2018091_12C00076_V01.LBL,https://planetarydata.jpl.nasa.gov/img/data/juno/JNOJNC_0007/DATA/RDR/JUPITER/ORBIT_12/JNCR_2018091_12C00076_V01.IMG,02d7ed71e11fb5d1885f9cc859bcb5f9,195c310fc3a646a13ac582fa93e0d569,32907264,2018-04-01T08:55:56.981,2018-04-01T08:56:06.809,1,1648,9984,JUNOMAKEPDS.PY 0.6,undetermined,,False,archive timing undetermined
JNCR_2018091_12C00077_V01,12,1,JNOJNC_0007,DATA/RDR/JUPITER/ORBIT_12/JNCR_2018091_12C00077_V01.LBL,https://planetarydata.jpl.nasa.gov/img/data/juno/JNOJNC_0007/DATA/RDR/JUPITER/ORBIT_12/JNCR_2018091_12C00077_V01.LBL,https://planetarydata.jpl.nasa.gov/img/data/juno/JNOJNC_0007/DATA/RDR/JUPITER/ORBIT_12/JNCR_2018091_12C00077_V01.IMG,0284b7dfaebfd40348b1973e10e9f768,beb43c8e872b050c4bb3a5186f2a3476,35438592,2018-04-01T09:05:39.102,2018-04-01T09:05:49.686,1,1648,10752,JUNOMAKEPDS.PY 0.6,undetermined,,False,archive timing undetermined
JNCR_2018091_12M00078_V01,12,1,JNOJNC_0007,DATA/RDR/JUPITER/ORBIT_12/JNCR_2018091_12M00078_V01.LBL,https://planetarydata.jpl.nasa.gov/img/data/juno/JNOJNC_0007/DATA/RDR/JUPITER/ORBIT_12/JNCR_2018091_12M00078_V01.LBL,https://planetarydata.jpl.nasa.gov/img/data/juno/JNOJNC_0007/DATA/RDR/JUPITER/ORBIT_12/JNCR_2018091_12M00078_V01.IMG,df4bdd8f8b9f8c7b2fd17107ac4e167a,6ea4db00988b4bd2e0404a09aa3eff7f,11812864,2018-04-01T09:06:40.320,2018-04-01T09:06:50.904,1,1648,3584,JUNOMAKEPDS.PY 0.6,undetermined,,False,outside full RGB scope; archive timing undetermined
JNCR_2018091_12C00079_V01,12,1,JNOJNC_0007,DATA/RDR/JUPITER/ORBIT_12/JNCR_2018091_12C00079_V01.LBL,https://planetarydata.jpl.nasa.gov/img/data/juno/JNOJNC_0007/DATA/RDR/JUPITER/ORBIT_12/JNCR_2018091_12C00079_V01.LBL,https://planetarydata.jpl.nasa.gov/img/data/juno/JNOJNC_0007/DATA/RDR/JUPITER/ORBIT_12/JNCR_2018091_12C00079_V01.IMG,221f8dcb91e46e33038ddad4d34a5c6f,02a82524693f9f55c500e87d5fa91575,37969920,2018-04-01T09:11:46.492,2018-04-01T09:11:57.832,1,1648,11520,JUNOMAKEPDS.PY 0.6,undetermined,,False,archive timing undetermined
JNCR_2018091_12C00080_V01,12,1,JNOJNC_0007,DATA/RDR/JUPITER/ORBIT_12/JNCR_2018091_12C00080_V01.LBL,https://planetarydata.jpl.nasa.gov/img/data/juno/JNOJNC_0007/DATA/RDR/JUPITER/ORBIT_12/JNCR_2018091_12C00080_V01.LBL,https://planetarydata.jpl.nasa.gov/img/data/juno/JNOJNC_0007/DATA/RDR/JUPITER/ORBIT_12/JNCR_2018091_12C00080_V01.IMG,4a7642b15fbd8390c2e1cf3e6724d33b,2e500e3c952803e9ab2428e2f33b9e1a,43032576,2018-04-01T09:17:53.370,2018-04-01T09:18:06.222,1,1648,13056,JUNOMAKEPDS.PY 0.6,undetermined,,False,archive timing undetermined
JNCR_2018091_12C00081_V01,12,1,JNOJNC_0007,DATA/RDR/JUPITER/ORBIT_12/JNCR_2018091_12C00081_V01.LBL,https://planetarydata.jpl.nasa.gov/img/data/juno/JNOJNC_0007/DATA/RDR/JUPITER/ORBIT_12/JNCR_2018091_12C00081_V01.LBL,https://planetarydata.jpl.nasa.gov/img/data/juno/JNOJNC_0007/DATA/RDR/JUPITER/ORBIT_12/JNCR_2018091_12C00081_V01.IMG,e8bd5c3b0ed3c3344b86c02f449960fa,922cb7179b9103a1297a2b091fdf853b,45563904,2018-04-01T09:22:59.308,2018-04-01T09:23:12.916,1,1648,13824,JUNOMAKEPDS.PY 0.6,undetermined,,False,archive timing undetermined
JNCR_2018091_12C00082_V02,12,2,JNOJNC_0012,DATA/RDR/JUPITER/ORBIT_12/JNCR_2018091_12C00082_V02.LBL,https://planetarydata.jpl.nasa.gov/img/data/juno/JNOJNC_0012/DATA/RDR/JUPITER/ORBIT_12/JNCR_2018091_12C00082_V02.LBL,https://planetarydata.jpl.nasa.gov/img/data/juno/JNOJNC_0012/DATA/RDR/JUPITER/ORBIT_12/JNCR_2018091_12C00082_V02.IMG,d230731ab855e86efa949eb3d722de5e,5115b747902af0a213fd32c7ce81aef9,48095232,2018-04-01T09:28:05.092,2018-04-01T09:28:19.456,1,1648,14592,JUNOMAKEPDS.PY 0.7,applied,5.0,True,full RGB; finite archive timing; individual signal and geometry assessment pending
JNCR_2018091_12M00083_V01,12,1,JNOJNC_0007,DATA/RDR/JUPITER/ORBIT_12/JNCR_2018091_12M00083_V01.LBL,https://planetarydata.jpl.nasa.gov/img/data/juno/JNOJNC_0007/DATA/RDR/JUPITER/ORBIT_12/JNCR_2018091_12M00083_V01.LBL,https://planetarydata.jpl.nasa.gov/img/data/juno/JNOJNC_0007/DATA/RDR/JUPITER/ORBIT_12/JNCR_2018091_12M00083_V01.IMG,a13cb521eb862effdd3f1555043dd815,eac8a51df13e3d693c8ac692b0ed9a70,16031744,2018-04-01T09:29:36.827,2018-04-01T09:29:51.191,1,1648,4864,JUNOMAKEPDS.PY 0.6,undetermined,,False,outside full RGB scope; archive timing undetermined
JNCR_2018091_12C00084_V02,12,2,JNOJNC_0012,DATA/RDR/JUPITER/ORBIT_12/JNCR_2018091_12C00084_V02.LBL,https://planetarydata.jpl.nasa.gov/img/data/juno/JNOJNC_0012/DATA/RDR/JUPITER/ORBIT_12/JNCR_2018091_12C00084_V02.LBL,https://planetarydata.jpl.nasa.gov/img/data/juno/JNOJNC_0012/DATA/RDR/JUPITER/ORBIT_12/JNCR_2018091_12C00084_V02.IMG,a80135f818f03bd8cd2aeae26c8b0775,10ce4695efb15898acbf756cdef6d667,48095232,2018-04-01T09:32:40.447,2018-04-01T09:32:54.811,1,1648,14592,JUNOMAKEPDS.PY 0.7,applied,3.0,True,full RGB; finite archive timing; individual signal and geometry assessment pending
JNCR_2018091_12C00085_V02,12,2,JNOJNC_0012,DATA/RDR/JUPITER/ORBIT_12/JNCR_2018091_12C00085_V02.LBL,https://planetarydata.jpl.nasa.gov/img/data/juno/JNOJNC_0012/DATA/RDR/JUPITER/ORBIT_12/JNCR_2018091_12C00085_V02.LBL,https://planetarydata.jpl.nasa.gov/img/data/juno/JNOJNC_0012/DATA/RDR/JUPITER/ORBIT_12/JNCR_2018091_12C00085_V02.IMG,d6bfadbdf20ed8931f0ff1410f334063,93fb535efe0d793dbb708c5c756eb79e,50626560,2018-04-01T09:36:14.318,2018-04-01T09:36:29.438,1,1648,15360,JUNOMAKEPDS.PY 0.7,applied,-4.0,True,full RGB; finite archive timing; individual signal and geometry assessment pending
JNCR_2018091_12C00086_V02,12,2,JNOJNC_0012,DATA/RDR/JUPITER/ORBIT_12/JNCR_2018091_12C00086_V02.LBL,https://planetarydata.jpl.nasa.gov/img/data/juno/JNOJNC_0012/DATA/RDR/JUPITER/ORBIT_12/JNCR_2018091_12C00086_V02.LBL,https://planetarydata.jpl.nasa.gov/img/data/juno/JNOJNC_0012/DATA/RDR/JUPITER/ORBIT_12/JNCR_2018091_12C00086_V02.IMG,0bee279bf7e3d8c8c02f6b90c29cea65,ec786c5d00f634fd11cba3e429d0d640,50626560,2018-04-01T09:38:47.127,2018-04-01T09:39:02.247,1,1648,15360,JUNOMAKEPDS.PY 0.7,applied,5.0,True,full RGB; finite archive timing; individual signal and geometry assessment pending
JNCR_2018091_12C00087_V02,12,2,JNOJNC_0012,DATA/RDR/JUPITER/ORBIT_12/JNCR_2018091_12C00087_V02.LBL,https://planetarydata.jpl.nasa.gov/img/data/juno/JNOJNC_0012/DATA/RDR/JUPITER/ORBIT_12/JNCR_2018091_12C00087_V02.LBL,https://planetarydata.jpl.nasa.gov/img/data/juno/JNOJNC_0012/DATA/RDR/JUPITER/ORBIT_12/JNCR_2018091_12C00087_V02.IMG,303dd8e16ada41a63792a40333eb311b,f0ab22d652eae91e51d99036487458e3,53157888,2018-04-01T09:42:20.826,2018-04-01T09:42:36.702,1,1648,16128,JUNOMAKEPDS.PY 0.7,applied,-5.0,True,full RGB; finite archive timing; individual signal and geometry assessment pending
JNCR_2018091_12C00088_V02,12,2,JNOJNC_0012,DATA/RDR/JUPITER/ORBIT_12/JNCR_2018091_12C00088_V02.LBL,https://planetarydata.jpl.nasa.gov/img/data/juno/JNOJNC_0012/DATA/RDR/JUPITER/ORBIT_12/JNCR_2018091_12C00088_V02.LBL,https://planetarydata.jpl.nasa.gov/img/data/juno/JNOJNC_0012/DATA/RDR/JUPITER/ORBIT_12/JNCR_2018091_12C00088_V02.IMG,be2e796f96a4b31c31a4cd813a067f34,cf1c1c4cfc54eac808bb49f04c638f4d,53157888,2018-04-01T09:45:55.040,2018-04-01T09:46:10.916,1,1648,16128,JUNOMAKEPDS.PY 0.7,applied,-4.0,True,full RGB; finite archive timing; individual signal and geometry assessment pending
JNCR_2018091_12C00089_V02,12,2,JNOJNC_0012,DATA/RDR/JUPITER/ORBIT_12/JNCR_2018091_12C00089_V02.LBL,https://planetarydata.jpl.nasa.gov/img/data/juno/JNOJNC_0012/DATA/RDR/JUPITER/ORBIT_12/JNCR_2018091_12C00089_V02.LBL,https://planetarydata.jpl.nasa.gov/img/data/juno/JNOJNC_0012/DATA/RDR/JUPITER/ORBIT_12/JNCR_2018091_12C00089_V02.IMG,7c728c2001af96a8d8594d2b7eccd7c1,f3fe370b7b65fa1508153e17aedff732,53157888,2018-04-01T09:48:58.462,2018-04-01T09:49:14.338,1,1648,16128,JUNOMAKEPDS.PY 0.7,applied,-6.0,True,full RGB; finite archive timing; individual signal and geometry assessment pending
JNCR_2018091_12C00090_V02,12,2,JNOJNC_0012,DATA/RDR/JUPITER/ORBIT_12/JNCR_2018091_12C00090_V02.LBL,https://planetarydata.jpl.nasa.gov/img/data/juno/JNOJNC_0012/DATA/RDR/JUPITER/ORBIT_12/JNCR_2018091_12C00090_V02.LBL,https://planetarydata.jpl.nasa.gov/img/data/juno/JNOJNC_0012/DATA/RDR/JUPITER/ORBIT_12/JNCR_2018091_12C00090_V02.IMG,c33d6986e545ae42368b9d91be8dbaec,a63d2e3112d08b9696dadc59575afcd6,53157888,2018-04-01T09:52:02.126,2018-04-01T09:52:18.002,1,1648,16128,JUNOMAKEPDS.PY 0.7,applied,-5.0,True,full RGB; finite archive timing; individual signal and geometry assessment pending
JNCR_2018091_12C00091_V02,12,2,JNOJNC_0012,DATA/RDR/JUPITER/ORBIT_12/JNCR_2018091_12C00091_V02.LBL,https://planetarydata.jpl.nasa.gov/img/data/juno/JNOJNC_0012/DATA/RDR/JUPITER/ORBIT_12/JNCR_2018091_12C00091_V02.LBL,https://planetarydata.jpl.nasa.gov/img/data/juno/JNOJNC_0012/DATA/RDR/JUPITER/ORBIT_12/JNCR_2018091_12C00091_V02.IMG,21c16d41873e9996c9136c11ea044398,7296bf5fc755c43ed05a1522e8c760e6,50626560,2018-04-01T09:57:08.465,2018-04-01T09:57:23.585,1,1648,15360,JUNOMAKEPDS.PY 0.7,applied,-4.0,True,full RGB; finite archive timing; individual signal and geometry assessment pending
JNCR_2018091_12C00092_V02,12,2,JNOJNC_0012,DATA/RDR/JUPITER/ORBIT_12/JNCR_2018091_12C00092_V02.LBL,https://planetarydata.jpl.nasa.gov/img/data/juno/JNOJNC_0012/DATA/RDR/JUPITER/ORBIT_12/JNCR_2018091_12C00092_V02.LBL,https://planetarydata.jpl.nasa.gov/img/data/juno/JNOJNC_0012/DATA/RDR/JUPITER/ORBIT_12/JNCR_2018091_12C00092_V02.IMG,a933f145c90a7e5e08ef7114a09e0635,b8c16ab301c622a555d94962ad68bf4f,50626560,2018-04-01T10:01:13.328,2018-04-01T10:01:28.448,1,1648,15360,JUNOMAKEPDS.PY 0.7,applied,-3.0,True,full RGB; finite archive timing; individual signal and geometry assessment pending
JNCR_2018091_12C00093_V02,12,2,JNOJNC_0012,DATA/RDR/JUPITER/ORBIT_12/JNCR_2018091_12C00093_V02.LBL,https://planetarydata.jpl.nasa.gov/img/data/juno/JNOJNC_0012/DATA/RDR/JUPITER/ORBIT_12/JNCR_2018091_12C00093_V02.LBL,https://planetarydata.jpl.nasa.gov/img/data/juno/JNOJNC_0012/DATA/RDR/JUPITER/ORBIT_12/JNCR_2018091_12C00093_V02.IMG,50614901d25872e5ddc416ba09f448c0,91436a42cb4d7239a23fa705f5edb5f9,48095232,2018-04-01T10:04:48.086,2018-04-01T10:05:02.450,1,1648,14592,JUNOMAKEPDS.PY 0.7,applied,-4.0,True,full RGB; finite archive timing; individual signal and geometry assessment pending
JNCR_2018091_12C00094_V02,12,2,JNOJNC_0012,DATA/RDR/JUPITER/ORBIT_12/JNCR_2018091_12C00094_V02.LBL,https://planetarydata.jpl.nasa.gov/img/data/juno/JNOJNC_0012/DATA/RDR/JUPITER/ORBIT_12/JNCR_2018091_12C00094_V02.LBL,https://planetarydata.jpl.nasa.gov/img/data/juno/JNOJNC_0012/DATA/RDR/JUPITER/ORBIT_12/JNCR_2018091_12C00094_V02.IMG,ba1e68f001dc075c13641c0722d18287,5d51785779202bdeaaab92c78ab8733b,45563904,2018-04-01T10:09:54.820,2018-04-01T10:10:08.428,1,1648,13824,JUNOMAKEPDS.PY 0.7,applied,1.0,True,full RGB; finite archive timing; individual signal and geometry assessment pending
JNCR_2018091_12M00095_V01,12,1,JNOJNC_0007,DATA/RDR/JUPITER/ORBIT_12/JNCR_2018091_12M00095_V01.LBL,https://planetarydata.jpl.nasa.gov/img/data/juno/JNOJNC_0007/DATA/RDR/JUPITER/ORBIT_12/JNCR_2018091_12M00095_V01.LBL,https://planetarydata.jpl.nasa.gov/img/data/juno/JNOJNC_0007/DATA/RDR/JUPITER/ORBIT_12/JNCR_2018091_12M00095_V01.IMG,d382ed457b68ff30eb1bd3adf9e5f984,c939d739d5ef77387263ad75a3c31dac,15187968,2018-04-01T10:11:26.706,2018-04-01T10:11:40.314,1,1648,4608,JUNOMAKEPDS.PY 0.6,undetermined,,False,outside full RGB scope; archive timing undetermined
JNCR_2018091_12M00096_V01,12,1,JNOJNC_0007,DATA/RDR/JUPITER/ORBIT_12/JNCR_2018091_12M00096_V01.LBL,https://planetarydata.jpl.nasa.gov/img/data/juno/JNOJNC_0007/DATA/RDR/JUPITER/ORBIT_12/JNCR_2018091_12M00096_V01.LBL,https://planetarydata.jpl.nasa.gov/img/data/juno/JNOJNC_0007/DATA/RDR/JUPITER/ORBIT_12/JNCR_2018091_12M00096_V01.IMG,41789d2b030636c822de344f7c4c537a,03e714ad62b0d1f3fb4fc679c1cd33d4,15187968,2018-04-01T10:12:27.999,2018-04-01T10:12:41.607,1,1648,4608,JUNOMAKEPDS.PY 0.6,undetermined,,False,outside full RGB scope; archive timing undetermined
JNCR_2018091_12M00097_V01,12,1,JNOJNC_0007,DATA/RDR/JUPITER/ORBIT_12/JNCR_2018091_12M00097_V01.LBL,https://planetarydata.jpl.nasa.gov/img/data/juno/JNOJNC_0007/DATA/RDR/JUPITER/ORBIT_12/JNCR_2018091_12M00097_V01.LBL,https://planetarydata.jpl.nasa.gov/img/data/juno/JNOJNC_0007/DATA/RDR/JUPITER/ORBIT_12/JNCR_2018091_12M00097_V01.IMG,4aecbb80218c189f7c64cfdb2310cd62,82b90621b06e2c390dba730d48d9519c,14344192,2018-04-01T10:13:29.706,2018-04-01T10:13:42.558,1,1648,4352,JUNOMAKEPDS.PY 0.6,undetermined,,False,outside full RGB scope; archive timing undetermined
JNCR_2018091_12M00098_V01,12,1,JNOJNC_0007,DATA/RDR/JUPITER/ORBIT_12/JNCR_2018091_12M00098_V01.LBL,https://planetarydata.jpl.nasa.gov/img/data/juno/JNOJNC_0007/DATA/RDR/JUPITER/ORBIT_12/JNCR_2018091_12M00098_V01.LBL,https://planetarydata.jpl.nasa.gov/img/data/juno/JNOJNC_0007/DATA/RDR/JUPITER/ORBIT_12/JNCR_2018091_12M00098_V01.IMG,ff10b1a11fe0ae3b5e62e48167cff27c,b7568732fefe6edeefb023568d0f34c1,14344192,2018-04-01T10:14:31.058,2018-04-01T10:14:43.910,1,1648,4352,JUNOMAKEPDS.PY 0.6,undetermined,,False,outside full RGB scope; archive timing undetermined
JNCR_2018091_12C00099_V02,12,2,JNOJNC_0012,DATA/RDR/JUPITER/ORBIT_12/JNCR_2018091_12C00099_V02.LBL,https://planetarydata.jpl.nasa.gov/img/data/juno/JNOJNC_0012/DATA/RDR/JUPITER/ORBIT_12/JNCR_2018091_12C00099_V02.LBL,https://planetarydata.jpl.nasa.gov/img/data/juno/JNOJNC_0012/DATA/RDR/JUPITER/ORBIT_12/JNCR_2018091_12C00099_V02.IMG,8233c2df9d7c071a968b9f9cc2a08658,c055cd244a4a7ae54b5730991d5060b1,40501248,2018-04-01T10:16:03.315,2018-04-01T10:16:15.411,1,1648,12288,JUNOMAKEPDS.PY 0.7,applied,-2.0,True,full RGB; finite archive timing; individual signal and geometry assessment pending
JNCR_2018091_12C00100_V02,12,2,JNOJNC_0012,DATA/RDR/JUPITER/ORBIT_12/JNCR_2018091_12C00100_V02.LBL,https://planetarydata.jpl.nasa.gov/img/data/juno/JNOJNC_0012/DATA/RDR/JUPITER/ORBIT_12/JNCR_2018091_12C00100_V02.LBL,https://planetarydata.jpl.nasa.gov/img/data/juno/JNOJNC_0012/DATA/RDR/JUPITER/ORBIT_12/JNCR_2018091_12C00100_V02.IMG,2186b6d645412b52c64d03d210798d8e,b39ec7e744b1354f40d94c88334cecde,37969920,2018-04-01T10:24:44.924,2018-04-01T10:24:56.264,1,1648,11520,JUNOMAKEPDS.PY 0.7,applied,3.0,True,full RGB; finite archive timing; individual signal and geometry assessment pending
JNCR_2018091_12C00101_V02,12,2,JNOJNC_0012,DATA/RDR/JUPITER/ORBIT_12/JNCR_2018091_12C00101_V02.LBL,https://planetarydata.jpl.nasa.gov/img/data/juno/JNOJNC_0012/DATA/RDR/JUPITER/ORBIT_12/JNCR_2018091_12C00101_V02.LBL,https://planetarydata.jpl.nasa.gov/img/data/juno/JNOJNC_0012/DATA/RDR/JUPITER/ORBIT_12/JNCR_2018091_12C00101_V02.IMG,49373516f38c2db469c44f564760bac2,1b809eccd665e67b3ef2bed48d38f346,32907264,2018-04-01T10:36:00.454,2018-04-01T10:36:10.282,1,1648,9984,JUNOMAKEPDS.PY 0.7,applied,8.0,True,full RGB; finite archive timing; individual signal and geometry assessment pending
JNCR_2018091_12C00102_V02,12,2,JNOJNC_0012,DATA/RDR/JUPITER/ORBIT_12/JNCR_2018091_12C00102_V02.LBL,https://planetarydata.jpl.nasa.gov/img/data/juno/JNOJNC_0012/DATA/RDR/JUPITER/ORBIT_12/JNCR_2018091_12C00102_V02.LBL,https://planetarydata.jpl.nasa.gov/img/data/juno/JNOJNC_0012/DATA/RDR/JUPITER/ORBIT_12/JNCR_2018091_12C00102_V02.IMG,c1bd4bd55e11ad75d0ad4e498adc1119,6cc7ea880af8d4f6eb2000962543cdaa,27844608,2018-04-01T10:46:14.821,2018-04-01T10:46:23.137,1,1648,8448,JUNOMAKEPDS.PY 0.7,applied,3.0,True,full RGB; finite archive timing; individual signal and geometry assessment pending
JNCR_2018091_12C00103_V02,12,2,JNOJNC_0012,DATA/RDR/JUPITER/ORBIT_12/JNCR_2018091_12C00103_V02.LBL,https://planetarydata.jpl.nasa.gov/img/data/juno/JNOJNC_0012/DATA/RDR/JUPITER/ORBIT_12/JNCR_2018091_12C00103_V02.LBL,https://planetarydata.jpl.nasa.gov/img/data/juno/JNOJNC_0012/DATA/RDR/JUPITER/ORBIT_12/JNCR_2018091_12C00103_V02.IMG,9c7d3502c0709ec23a2cdd8a84c6abb3,c36833136214ff0c84050ce9ddf91ce7,25313280,2018-04-01T10:55:58.148,2018-04-01T10:56:05.708,1,1648,7680,JUNOMAKEPDS.PY 0.7,applied,-4.0,True,full RGB; finite archive timing; individual signal and geometry assessment pending
JNCR_2018091_12C00104_V01,12,1,JNOJNC_0007,DATA/RDR/JUPITER/ORBIT_12/JNCR_2018091_12C00104_V01.LBL,https://planetarydata.jpl.nasa.gov/img/data/juno/JNOJNC_0007/DATA/RDR/JUPITER/ORBIT_12/JNCR_2018091_12C00104_V01.LBL,https://planetarydata.jpl.nasa.gov/img/data/juno/JNOJNC_0007/DATA/RDR/JUPITER/ORBIT_12/JNCR_2018091_12C00104_V01.IMG,653b509a6b4cf8cbf10f936582a3c3c8,cfd04207a92c11bef4a78bf201a47a07,25313280,2018-04-01T11:06:12.062,2018-04-01T11:06:19.622,1,1648,7680,JUNOMAKEPDS.PY 0.6,no_shift_needed,0.0,True,full RGB; finite archive timing; individual signal and geometry assessment pending
JNCR_2018091_12C00105_V02,12,2,JNOJNC_0012,DATA/RDR/JUPITER/ORBIT_12/JNCR_2018091_12C00105_V02.LBL,https://planetarydata.jpl.nasa.gov/img/data/juno/JNOJNC_0012/DATA/RDR/JUPITER/ORBIT_12/JNCR_2018091_12C00105_V02.LBL,https://planetarydata.jpl.nasa.gov/img/data/juno/JNOJNC_0012/DATA/RDR/JUPITER/ORBIT_12/JNCR_2018091_12C00105_V02.IMG,14b53e02c2bdc1e28e8031ce5c99c847,18077ef6d617f34a6772134aea70bbf0,22781952,2018-04-01T11:09:47.249,2018-04-01T11:09:54.053,1,1648,6912,JUNOMAKEPDS.PY 0.7,applied,7.0,True,full RGB; finite archive timing; individual signal and geometry assessment pending
JNCR_2018091_12M00106_V02,12,2,JNOJNC_0013,DATA/RDR/JUPITER/ORBIT_12/JNCR_2018091_12M00106_V02.LBL,https://planetarydata.jpl.nasa.gov/img/data/juno/JNOJNC_0013/DATA/RDR/JUPITER/ORBIT_12/JNCR_2018091_12M00106_V02.LBL,https://planetarydata.jpl.nasa.gov/img/data/juno/JNOJNC_0013/DATA/RDR/JUPITER/ORBIT_12/JNCR_2018091_12M00106_V02.IMG,1198da872d4a44dd5ec0744df6e5184a,5c0d6223e7c6f5eb301255af1ee4e8e1,7593984,2018-04-01T11:10:48.573,2018-04-01T11:10:55.377,1,1648,2304,JUNOMAKEPDS.PY 0.8,applied,8.0,False,outside full RGB scope
JNCR_2019043_18G00011_V01,18,1,JNOJNC_0010,DATA/RDR/JUPITER/ORBIT_18/JNCR_2019043_18G00011_V01.LBL,https://planetarydata.jpl.nasa.gov/img/data/juno/JNOJNC_0010/DATA/RDR/JUPITER/ORBIT_18/JNCR_2019043_18G00011_V01.LBL,https://planetarydata.jpl.nasa.gov/img/data/juno/JNOJNC_0010/DATA/RDR/JUPITER/ORBIT_18/JNCR_2019043_18G00011_V01.IMG,0a686e49501764f2d299d9c69d281b02,bc2aea40c429ab7d994124beda8eaaeb,7593984,2019-02-12T16:09:53.849,2019-02-12T16:10:00.527,1,1648,2304,JUNOMAKEPDS.PY 0.7,absent,,False,outside full RGB scope; archive timing absent
JNCR_2019043_18G00012_V01,18,1,JNOJNC_0010,DATA/RDR/JUPITER/ORBIT_18/JNCR_2019043_18G00012_V01.LBL,https://planetarydata.jpl.nasa.gov/img/data/juno/JNOJNC_0010/DATA/RDR/JUPITER/ORBIT_18/JNCR_2019043_18G00012_V01.LBL,https://planetarydata.jpl.nasa.gov/img/data/juno/JNOJNC_0010/DATA/RDR/JUPITER/ORBIT_18/JNCR_2019043_18G00012_V01.IMG,febd5be88aa3d557485a7b3e1964a1be,80a2cf1350c3bdca9164ce19ed664622,8437760,2019-02-12T16:14:54.365,2019-02-12T16:15:01.785,1,1648,2560,JUNOMAKEPDS.PY 0.7,absent,,False,outside full RGB scope; archive timing absent
JNCR_2019043_18G00013_V01,18,1,JNOJNC_0010,DATA/RDR/JUPITER/ORBIT_18/JNCR_2019043_18G00013_V01.LBL,https://planetarydata.jpl.nasa.gov/img/data/juno/JNOJNC_0010/DATA/RDR/JUPITER/ORBIT_18/JNCR_2019043_18G00013_V01.LBL,https://planetarydata.jpl.nasa.gov/img/data/juno/JNOJNC_0010/DATA/RDR/JUPITER/ORBIT_18/JNCR_2019043_18G00013_V01.IMG,b0c1ab4e6d0d79ea5543640833b24678,7aaf88cd6bab9f155f84ca795999887b,8437760,2019-02-12T16:19:55.282,2019-02-12T16:20:02.702,1,1648,2560,JUNOMAKEPDS.PY 0.7,absent,,False,outside full RGB scope; archive timing absent
JNCR_2019043_18G00014_V01,18,1,JNOJNC_0010,DATA/RDR/JUPITER/ORBIT_18/JNCR_2019043_18G00014_V01.LBL,https://planetarydata.jpl.nasa.gov/img/data/juno/JNOJNC_0010/DATA/RDR/JUPITER/ORBIT_18/JNCR_2019043_18G00014_V01.LBL,https://planetarydata.jpl.nasa.gov/img/data/juno/JNOJNC_0010/DATA/RDR/JUPITER/ORBIT_18/JNCR_2019043_18G00014_V01.IMG,5fb2ba4ea1182be033c8a607a989dcd1,618c61854b240c9f147652cfd03835f4,8437760,2019-02-12T16:24:56.208,2019-02-12T16:25:03.628,1,1648,2560,JUNOMAKEPDS.PY 0.7,absent,,False,outside full RGB scope; archive timing absent
JNCR_2019043_18G00015_V01,18,1,JNOJNC_0010,DATA/RDR/JUPITER/ORBIT_18/JNCR_2019043_18G00015_V01.LBL,https://planetarydata.jpl.nasa.gov/img/data/juno/JNOJNC_0010/DATA/RDR/JUPITER/ORBIT_18/JNCR_2019043_18G00015_V01.LBL,https://planetarydata.jpl.nasa.gov/img/data/juno/JNOJNC_0010/DATA/RDR/JUPITER/ORBIT_18/JNCR_2019043_18G00015_V01.IMG,97331384c391a9e90e18ca5d6cee7a73,f6db81172fe81a9dbce6b82d1cbec2fb,9281536,2019-02-12T16:29:56.758,2019-02-12T16:30:04.920,1,1648,2816,JUNOMAKEPDS.PY 0.7,absent,,False,outside full RGB scope; archive timing absent
JNCR_2019043_18G00016_V01,18,1,JNOJNC_0010,DATA/RDR/JUPITER/ORBIT_18/JNCR_2019043_18G00016_V01.LBL,https://planetarydata.jpl.nasa.gov/img/data/juno/JNOJNC_0010/DATA/RDR/JUPITER/ORBIT_18/JNCR_2019043_18G00016_V01.LBL,https://planetarydata.jpl.nasa.gov/img/data/juno/JNOJNC_0010/DATA/RDR/JUPITER/ORBIT_18/JNCR_2019043_18G00016_V01.IMG,783ef6f185d633e9dfb8cff7033beba9,80f1785c562df00912ee2ad1be24de1e,9281536,2019-02-12T16:34:57.637,2019-02-12T16:35:05.799,1,1648,2816,JUNOMAKEPDS.PY 0.7,absent,,False,outside full RGB scope; archive timing absent
JNCR_2019043_18G00017_V01,18,1,JNOJNC_0010,DATA/RDR/JUPITER/ORBIT_18/JNCR_2019043_18G00017_V01.LBL,https://planetarydata.jpl.nasa.gov/img/data/juno/JNOJNC_0010/DATA/RDR/JUPITER/ORBIT_18/JNCR_2019043_18G00017_V01.LBL,https://planetarydata.jpl.nasa.gov/img/data/juno/JNOJNC_0010/DATA/RDR/JUPITER/ORBIT_18/JNCR_2019043_18G00017_V01.IMG,8100d01aa3715b125122dfe24413f537,905732c6a045be75c0192c492cebe4da,10125312,2019-02-12T16:39:58.187,2019-02-12T16:40:07.091,1,1648,3072,JUNOMAKEPDS.PY 0.7,absent,,False,outside full RGB scope; archive timing absent
JNCR_2019043_18G00018_V01,18,1,JNOJNC_0010,DATA/RDR/JUPITER/ORBIT_18/JNCR_2019043_18G00018_V01.LBL,https://planetarydata.jpl.nasa.gov/img/data/juno/JNOJNC_0010/DATA/RDR/JUPITER/ORBIT_18/JNCR_2019043_18G00018_V01.LBL,https://planetarydata.jpl.nasa.gov/img/data/juno/JNOJNC_0010/DATA/RDR/JUPITER/ORBIT_18/JNCR_2019043_18G00018_V01.IMG,a895ce0f7ad284022a93740c093b15d0,d242bb894a0efa7b22c46a3f0d748728,10969088,2019-02-12T16:44:58.651,2019-02-12T16:45:08.297,1,1648,3328,JUNOMAKEPDS.PY 0.7,absent,,False,outside full RGB scope; archive timing absent
JNCR_2019043_18C00019_V02,18,2,JNOJNC_0012,DATA/RDR/JUPITER/ORBIT_18/JNCR_2019043_18C00019_V02.LBL,https://planetarydata.jpl.nasa.gov/img/data/juno/JNOJNC_0012/DATA/RDR/JUPITER/ORBIT_18/JNCR_2019043_18C00019_V02.LBL,https://planetarydata.jpl.nasa.gov/img/data/juno/JNOJNC_0012/DATA/RDR/JUPITER/ORBIT_18/JNCR_2019043_18C00019_V02.IMG,9bfaa968f8ec3a9fa9b3fa13d0afbad6,d3029529f5d2c963917c9b51de26a1aa,37969920,2019-02-12T16:58:00.212,2019-02-12T16:58:11.342,1,1648,11520,JUNOMAKEPDS.PY 0.7,applied,2.0,True,full RGB; finite archive timing; individual signal and geometry assessment pending
JNCR_2019043_18C00020_V02,18,2,JNOJNC_0012,DATA/RDR/JUPITER/ORBIT_18/JNCR_2019043_18C00020_V02.LBL,https://planetarydata.jpl.nasa.gov/img/data/juno/JNOJNC_0012/DATA/RDR/JUPITER/ORBIT_18/JNCR_2019043_18C00020_V02.LBL,https://planetarydata.jpl.nasa.gov/img/data/juno/JNOJNC_0012/DATA/RDR/JUPITER/ORBIT_18/JNCR_2019043_18C00020_V02.IMG,c40337ffcfd3691d92e067e93c3bde59,bf518e78143ef80c9b1e39620598150a,37969920,2019-02-12T16:59:30.583,2019-02-12T16:59:41.713,1,1648,11520,JUNOMAKEPDS.PY 0.7,applied,6.0,True,full RGB; finite archive timing; individual signal and geometry assessment pending
JNCR_2019043_18M00021_V02,18,2,JNOJNC_0013,DATA/RDR/JUPITER/ORBIT_18/JNCR_2019043_18M00021_V02.LBL,https://planetarydata.jpl.nasa.gov/img/data/juno/JNOJNC_0013/DATA/RDR/JUPITER/ORBIT_18/JNCR_2019043_18M00021_V02.LBL,https://planetarydata.jpl.nasa.gov/img/data/juno/JNOJNC_0013/DATA/RDR/JUPITER/ORBIT_18/JNCR_2019043_18M00021_V02.IMG,dcb527f487d08f03eec8326f4d0cc5a3,d2f03d2a098167d5e1755e209a8fd6fa,12656640,2019-02-12T17:01:00.790,2019-02-12T17:01:11.920,1,1648,3840,JUNOMAKEPDS.PY 0.8,applied,4.0,False,outside full RGB scope
JNCR_2019043_18C00022_V02,18,2,JNOJNC_0012,DATA/RDR/JUPITER/ORBIT_18/JNCR_2019043_18C00022_V02.LBL,https://planetarydata.jpl.nasa.gov/img/data/juno/JNOJNC_0012/DATA/RDR/JUPITER/ORBIT_18/JNCR_2019043_18C00022_V02.LBL,https://planetarydata.jpl.nasa.gov/img/data/juno/JNOJNC_0012/DATA/RDR/JUPITER/ORBIT_18/JNCR_2019043_18C00022_V02.IMG,68485a2f2498dc7b577e1826085632c3,25eb15725ad85c835ae657b92c0e2de1,40501248,2019-02-12T17:02:00.606,2019-02-12T17:02:12.478,1,1648,12288,JUNOMAKEPDS.PY 0.7,applied,1.0,True,full RGB; finite archive timing; individual signal and geometry assessment pending
JNCR_2019043_18C00023_V02,18,2,JNOJNC_0012,DATA/RDR/JUPITER/ORBIT_18/JNCR_2019043_18C00023_V02.LBL,https://planetarydata.jpl.nasa.gov/img/data/juno/JNOJNC_0012/DATA/RDR/JUPITER/ORBIT_18/JNCR_2019043_18C00023_V02.LBL,https://planetarydata.jpl.nasa.gov/img/data/juno/JNOJNC_0012/DATA/RDR/JUPITER/ORBIT_18/JNCR_2019043_18C00023_V02.IMG,f4d69eee370aa63e22384b9a3f0a8a3d,86edb13cca8d747ba08ff1bfa7318307,40501248,2019-02-12T17:04:00.997,2019-02-12T17:04:12.869,1,1648,12288,JUNOMAKEPDS.PY 0.7,applied,5.0,True,full RGB; finite archive timing; individual signal and geometry assessment pending
JNCR_2019043_18C00024_V02,18,2,JNOJNC_0012,DATA/RDR/JUPITER/ORBIT_18/JNCR_2019043_18C00024_V02.LBL,https://planetarydata.jpl.nasa.gov/img/data/juno/JNOJNC_0012/DATA/RDR/JUPITER/ORBIT_18/JNCR_2019043_18C00024_V02.LBL,https://planetarydata.jpl.nasa.gov/img/data/juno/JNOJNC_0012/DATA/RDR/JUPITER/ORBIT_18/JNCR_2019043_18C00024_V02.IMG,696d448023a6bff29740d3aec2d510c7,e7984a1f5705364a79304f5f75bea930,40501248,2019-02-12T17:06:31.340,2019-02-12T17:06:43.212,1,1648,12288,JUNOMAKEPDS.PY 0.7,applied,-2.0,True,full RGB; finite archive timing; individual signal and geometry assessment pending
JNCR_2019043_18C00025_V02,18,2,JNOJNC_0012,DATA/RDR/JUPITER/ORBIT_18/JNCR_2019043_18C00025_V02.LBL,https://planetarydata.jpl.nasa.gov/img/data/juno/JNOJNC_0012/DATA/RDR/JUPITER/ORBIT_18/JNCR_2019043_18C00025_V02.LBL,https://planetarydata.jpl.nasa.gov/img/data/juno/JNOJNC_0012/DATA/RDR/JUPITER/ORBIT_18/JNCR_2019043_18C00025_V02.IMG,864d9420999e5c18b0027b47d0753489,3acb285bbf39a2adfc37292e7c40cad4,43032576,2019-02-12T17:10:01.551,2019-02-12T17:10:14.165,1,1648,13056,JUNOMAKEPDS.PY 0.7,applied,2.0,True,full RGB; finite archive timing; individual signal and geometry assessment pending
JNCR_2019043_18C00026_V02,18,2,JNOJNC_0012,DATA/RDR/JUPITER/ORBIT_18/JNCR_2019043_18C00026_V02.LBL,https://planetarydata.jpl.nasa.gov/img/data/juno/JNOJNC_0012/DATA/RDR/JUPITER/ORBIT_18/JNCR_2019043_18C00026_V02.LBL,https://planetarydata.jpl.nasa.gov/img/data/juno/JNOJNC_0012/DATA/RDR/JUPITER/ORBIT_18/JNCR_2019043_18C00026_V02.IMG,7e92521bc02b7b8cf1ffa39a1a215f5e,8a01909b905654bf16847a8763cd94a8,45563904,2019-02-12T17:12:31.641,2019-02-12T17:12:44.997,1,1648,13824,JUNOMAKEPDS.PY 0.7,applied,1.0,True,full RGB; finite archive timing; individual signal and geometry assessment pending
JNCR_2019043_18C00027_V02,18,2,JNOJNC_0012,DATA/RDR/JUPITER/ORBIT_18/JNCR_2019043_18C00027_V02.LBL,https://planetarydata.jpl.nasa.gov/img/data/juno/JNOJNC_0012/DATA/RDR/JUPITER/ORBIT_18/JNCR_2019043_18C00027_V02.LBL,https://planetarydata.jpl.nasa.gov/img/data/juno/JNOJNC_0012/DATA/RDR/JUPITER/ORBIT_18/JNCR_2019043_18C00027_V02.IMG,aece4ecb4394b2b5a5f6af6d253a875d,1f4a8b15d3afc0ec85bf08d48e0d5b19,45563904,2019-02-12T17:15:02.105,2019-02-12T17:15:15.461,1,1648,13824,JUNOMAKEPDS.PY 0.7,applied,-5.0,True,full RGB; finite archive timing; individual signal and geometry assessment pending
JNCR_2019043_18C00028_V02,18,2,JNOJNC_0012,DATA/RDR/JUPITER/ORBIT_18/JNCR_2019043_18C00028_V02.LBL,https://planetarydata.jpl.nasa.gov/img/data/juno/JNOJNC_0012/DATA/RDR/JUPITER/ORBIT_18/JNCR_2019043_18C00028_V02.LBL,https://planetarydata.jpl.nasa.gov/img/data/juno/JNOJNC_0012/DATA/RDR/JUPITER/ORBIT_18/JNCR_2019043_18C00028_V02.IMG,d0bae59d1cfeaabfc9256304ed935370,d0498b4e865b65bdcd09d1f868ab22c1,48095232,2019-02-12T17:17:32.160,2019-02-12T17:17:46.258,1,1648,14592,JUNOMAKEPDS.PY 0.7,applied,-3.0,True,full RGB; finite archive timing; individual signal and geometry assessment pending
JNCR_2019043_18C00029_V01,18,1,JNOJNC_0010,DATA/RDR/JUPITER/ORBIT_18/JNCR_2019043_18C00029_V01.LBL,https://planetarydata.jpl.nasa.gov/img/data/juno/JNOJNC_0010/DATA/RDR/JUPITER/ORBIT_18/JNCR_2019043_18C00029_V01.LBL,https://planetarydata.jpl.nasa.gov/img/data/juno/JNOJNC_0010/DATA/RDR/JUPITER/ORBIT_18/JNCR_2019043_18C00029_V01.IMG,f6d3326595245c2e438b7725c0baf67d,417a2e250df7bc0fa509bef13dd866b0,48095232,2019-02-12T17:20:32.668,2019-02-12T17:20:46.766,1,1648,14592,JUNOMAKEPDS.PY 0.7,no_shift_needed,0.0,True,full RGB; finite archive timing; individual signal and geometry assessment pending
JNCR_2019043_18C00030_V02,18,2,JNOJNC_0012,DATA/RDR/JUPITER/ORBIT_18/JNCR_2019043_18C00030_V02.LBL,https://planetarydata.jpl.nasa.gov/img/data/juno/JNOJNC_0012/DATA/RDR/JUPITER/ORBIT_18/JNCR_2019043_18C00030_V02.LBL,https://planetarydata.jpl.nasa.gov/img/data/juno/JNOJNC_0012/DATA/RDR/JUPITER/ORBIT_18/JNCR_2019043_18C00030_V02.IMG,cc7092434b6598dc3b70e9a74613510f,be3642cd8c67279598ccff66935e6133,50626560,2019-02-12T17:23:02.628,2019-02-12T17:23:17.468,1,1648,15360,JUNOMAKEPDS.PY 0.7,applied,-5.0,True,full RGB; finite archive timing; individual signal and geometry assessment pending
JNCR_2019043_18C00031_V02,18,2,JNOJNC_0012,DATA/RDR/JUPITER/ORBIT_18/JNCR_2019043_18C00031_V02.LBL,https://planetarydata.jpl.nasa.gov/img/data/juno/JNOJNC_0012/DATA/RDR/JUPITER/ORBIT_18/JNCR_2019043_18C00031_V02.LBL,https://planetarydata.jpl.nasa.gov/img/data/juno/JNOJNC_0012/DATA/RDR/JUPITER/ORBIT_18/JNCR_2019043_18C00031_V02.IMG,220635a188fce9182ca552fed821083b,c8ea307cfdb57b31dbaacb42714f91c6,50626560,2019-02-12T17:25:32.936,2019-02-12T17:25:47.776,1,1648,15360,JUNOMAKEPDS.PY 0.7,applied,-5.0,True,full RGB; finite archive timing; individual signal and geometry assessment pending
JNCR_2019043_18C00032_V01,18,1,JNOJNC_0010,DATA/RDR/JUPITER/ORBIT_18/JNCR_2019043_18C00032_V01.LBL,https://planetarydata.jpl.nasa.gov/img/data/juno/JNOJNC_0010/DATA/RDR/JUPITER/ORBIT_18/JNCR_2019043_18C00032_V01.LBL,https://planetarydata.jpl.nasa.gov/img/data/juno/JNOJNC_0010/DATA/RDR/JUPITER/ORBIT_18/JNCR_2019043_18C00032_V01.IMG,fc5dca1dba6f5012a05ee77105b1f6eb,8d41f2d9ba3bbf4a4f405cb3a141844c,50626560,2019-02-12T17:28:03.386,2019-02-12T17:28:18.226,1,1648,15360,JUNOMAKEPDS.PY 0.7,undetermined,,False,archive timing undetermined
JNCR_2019043_18C00033_V01,18,1,JNOJNC_0010,DATA/RDR/JUPITER/ORBIT_18/JNCR_2019043_18C00033_V01.LBL,https://planetarydata.jpl.nasa.gov/img/data/juno/JNOJNC_0010/DATA/RDR/JUPITER/ORBIT_18/JNCR_2019043_18C00033_V01.LBL,https://planetarydata.jpl.nasa.gov/img/data/juno/JNOJNC_0010/DATA/RDR/JUPITER/ORBIT_18/JNCR_2019043_18C00033_V01.IMG,e606af58762840f08544e87f563e37d4,f5871cb054b0a86746c2f8115813efbf,53157888,2019-02-12T17:30:33.285,2019-02-12T17:30:48.867,1,1648,16128,JUNOMAKEPDS.PY 0.7,undetermined,,False,archive timing undetermined
JNCR_2019043_18C00034_V01,18,1,JNOJNC_0010,DATA/RDR/JUPITER/ORBIT_18/JNCR_2019043_18C00034_V01.LBL,https://planetarydata.jpl.nasa.gov/img/data/juno/JNOJNC_0010/DATA/RDR/JUPITER/ORBIT_18/JNCR_2019043_18C00034_V01.LBL,https://planetarydata.jpl.nasa.gov/img/data/juno/JNOJNC_0010/DATA/RDR/JUPITER/ORBIT_18/JNCR_2019043_18C00034_V01.IMG,b555a9b887420e01300ebb7062576f7d,6a18849faa90bca74f3db149a9170970,53157888,2019-02-12T17:33:03.460,2019-02-12T17:33:19.042,1,1648,16128,JUNOMAKEPDS.PY 0.7,undetermined,,False,archive timing undetermined
JNCR_2019043_18C00035_V01,18,1,JNOJNC_0010,DATA/RDR/JUPITER/ORBIT_18/JNCR_2019043_18C00035_V01.LBL,https://planetarydata.jpl.nasa.gov/img/data/juno/JNOJNC_0010/DATA/RDR/JUPITER/ORBIT_18/JNCR_2019043_18C00035_V01.LBL,https://planetarydata.jpl.nasa.gov/img/data/juno/JNOJNC_0010/DATA/RDR/JUPITER/ORBIT_18/JNCR_2019043_18C00035_V01.IMG,09ccb5b906062b0f4f3edfb2addf0bd7,b5dc598058381ad9a82df816fe3cb098,53157888,2019-02-12T17:35:03.468,2019-02-12T17:35:19.050,1,1648,16128,JUNOMAKEPDS.PY 0.7,undetermined,,False,archive timing undetermined
JNCR_2019043_18C00036_V01,18,1,JNOJNC_0010,DATA/RDR/JUPITER/ORBIT_18/JNCR_2019043_18C00036_V01.LBL,https://planetarydata.jpl.nasa.gov/img/data/juno/JNOJNC_0010/DATA/RDR/JUPITER/ORBIT_18/JNCR_2019043_18C00036_V01.LBL,https://planetarydata.jpl.nasa.gov/img/data/juno/JNOJNC_0010/DATA/RDR/JUPITER/ORBIT_18/JNCR_2019043_18C00036_V01.IMG,a7bbb9b74e14c97e745739d66a6682d2,43fc6dd5022b0975116dcb8e9b108f33,53157888,2019-02-12T17:37:03.429,2019-02-12T17:37:19.011,1,1648,16128,JUNOMAKEPDS.PY 0.7,undetermined,,False,archive timing undetermined
JNCR_2019043_18C00037_V01,18,1,JNOJNC_0010,DATA/RDR/JUPITER/ORBIT_18/JNCR_2019043_18C00037_V01.LBL,https://planetarydata.jpl.nasa.gov/img/data/juno/JNOJNC_0010/DATA/RDR/JUPITER/ORBIT_18/JNCR_2019043_18C00037_V01.LBL,https://planetarydata.jpl.nasa.gov/img/data/juno/JNOJNC_0010/DATA/RDR/JUPITER/ORBIT_18/JNCR_2019043_18C00037_V01.IMG,62a32a4e6fce6b2a3b5f54742247ce91,a4c80153b1eb77ee937dde9af802fac1,53157888,2019-02-12T17:39:32.862,2019-02-12T17:39:48.444,1,1648,16128,JUNOMAKEPDS.PY 0.7,undetermined,,False,archive timing undetermined
JNCR_2019043_18C00038_V01,18,1,JNOJNC_0010,DATA/RDR/JUPITER/ORBIT_18/JNCR_2019043_18C00038_V01.LBL,https://planetarydata.jpl.nasa.gov/img/data/juno/JNOJNC_0010/DATA/RDR/JUPITER/ORBIT_18/JNCR_2019043_18C00038_V01.LBL,https://planetarydata.jpl.nasa.gov/img/data/juno/JNOJNC_0010/DATA/RDR/JUPITER/ORBIT_18/JNCR_2019043_18C00038_V01.IMG,623dcaed61f6142b0291abc7cd58668d,dc29df09024902137f0a3f4b59d98ff0,53157888,2019-02-12T17:41:31.866,2019-02-12T17:41:47.448,1,1648,16128,JUNOMAKEPDS.PY 0.7,undetermined,,False,archive timing undetermined
JNCR_2019043_18C00039_V01,18,1,JNOJNC_0010,DATA/RDR/JUPITER/ORBIT_18/JNCR_2019043_18C00039_V01.LBL,https://planetarydata.jpl.nasa.gov/img/data/juno/JNOJNC_0010/DATA/RDR/JUPITER/ORBIT_18/JNCR_2019043_18C00039_V01.LBL,https://planetarydata.jpl.nasa.gov/img/data/juno/JNOJNC_0010/DATA/RDR/JUPITER/ORBIT_18/JNCR_2019043_18C00039_V01.IMG,c368939222129d7a804fc930ec0049c0,33a58ecad31eaa3d6c2a5ed81261d362,53157888,2019-02-12T17:43:30.124,2019-02-12T17:43:45.706,1,1648,16128,JUNOMAKEPDS.PY 0.7,undetermined,,False,archive timing undetermined
JNCR_2019043_18C00040_V01,18,1,JNOJNC_0010,DATA/RDR/JUPITER/ORBIT_18/JNCR_2019043_18C00040_V01.LBL,https://planetarydata.jpl.nasa.gov/img/data/juno/JNOJNC_0010/DATA/RDR/JUPITER/ORBIT_18/JNCR_2019043_18C00040_V01.LBL,https://planetarydata.jpl.nasa.gov/img/data/juno/JNOJNC_0010/DATA/RDR/JUPITER/ORBIT_18/JNCR_2019043_18C00040_V01.IMG,450252f69dc3a2113857a453ec99976b,cf095e3a42c3677bbcd9f4a6209e30ca,50626560,2019-02-12T17:48:56.537,2019-02-12T17:49:11.377,1,1648,15360,JUNOMAKEPDS.PY 0.7,undetermined,,False,archive timing undetermined
JNCR_2019043_18C00041_V01,18,1,JNOJNC_0010,DATA/RDR/JUPITER/ORBIT_18/JNCR_2019043_18C00041_V01.LBL,https://planetarydata.jpl.nasa.gov/img/data/juno/JNOJNC_0010/DATA/RDR/JUPITER/ORBIT_18/JNCR_2019043_18C00041_V01.LBL,https://planetarydata.jpl.nasa.gov/img/data/juno/JNOJNC_0010/DATA/RDR/JUPITER/ORBIT_18/JNCR_2019043_18C00041_V01.IMG,5c1873943fd1d70a1bfcbc7824324417,2bf6e485153edae20bfc36d593794638,48095232,2019-02-12T17:54:56.627,2019-02-12T17:55:10.725,1,1648,14592,JUNOMAKEPDS.PY 0.7,undetermined,,False,archive timing undetermined
JNCR_2019043_18C00042_V01,18,1,JNOJNC_0010,DATA/RDR/JUPITER/ORBIT_18/JNCR_2019043_18C00042_V01.LBL,https://planetarydata.jpl.nasa.gov/img/data/juno/JNOJNC_0010/DATA/RDR/JUPITER/ORBIT_18/JNCR_2019043_18C00042_V01.LBL,https://planetarydata.jpl.nasa.gov/img/data/juno/JNOJNC_0010/DATA/RDR/JUPITER/ORBIT_18/JNCR_2019043_18C00042_V01.IMG,894c614fb58a0a79a18c9ae67b776763,6e19a6bff30b77ce303ba8afa76ca721,45563904,2019-02-12T17:59:57.478,2019-02-12T18:00:10.834,1,1648,13824,JUNOMAKEPDS.PY 0.7,undetermined,,False,archive timing undetermined
JNCR_2019043_18C00043_V01,18,1,JNOJNC_0010,DATA/RDR/JUPITER/ORBIT_18/JNCR_2019043_18C00043_V01.LBL,https://planetarydata.jpl.nasa.gov/img/data/juno/JNOJNC_0010/DATA/RDR/JUPITER/ORBIT_18/JNCR_2019043_18C00043_V01.LBL,https://planetarydata.jpl.nasa.gov/img/data/juno/JNOJNC_0010/DATA/RDR/JUPITER/ORBIT_18/JNCR_2019043_18C00043_V01.IMG,2a96b21bc2d0174fb3594a631b8692f8,e7c6dc0c6ab9d173a3462fbb3464e508,40501248,2019-02-12T18:04:58.888,2019-02-12T18:05:10.760,1,1648,12288,JUNOMAKEPDS.PY 0.7,undetermined,,False,archive timing undetermined
JNCR_2019043_18C00044_V02,18,2,JNOJNC_0012,DATA/RDR/JUPITER/ORBIT_18/JNCR_2019043_18C00044_V02.LBL,https://planetarydata.jpl.nasa.gov/img/data/juno/JNOJNC_0012/DATA/RDR/JUPITER/ORBIT_18/JNCR_2019043_18C00044_V02.LBL,https://planetarydata.jpl.nasa.gov/img/data/juno/JNOJNC_0012/DATA/RDR/JUPITER/ORBIT_18/JNCR_2019043_18C00044_V02.IMG,97d879b565552d7b044fa3fdee4d37b1,3ac8d5baf5d6ab0f8835f0617d628e68,37969920,2019-02-12T18:10:00.093,2019-02-12T18:10:11.223,1,1648,11520,JUNOMAKEPDS.PY 0.7,applied,1.0,True,full RGB; finite archive timing; individual signal and geometry assessment pending
JNCR_2019043_18C00045_V02,18,2,JNOJNC_0012,DATA/RDR/JUPITER/ORBIT_18/JNCR_2019043_18C00045_V02.LBL,https://planetarydata.jpl.nasa.gov/img/data/juno/JNOJNC_0012/DATA/RDR/JUPITER/ORBIT_18/JNCR_2019043_18C00045_V02.LBL,https://planetarydata.jpl.nasa.gov/img/data/juno/JNOJNC_0012/DATA/RDR/JUPITER/ORBIT_18/JNCR_2019043_18C00045_V02.IMG,6965dc6cb4492a10b53fc3ccb9e1a494,69fbad2c60357a4042aab710df4a763a,35438592,2019-02-12T18:15:01.429,2019-02-12T18:15:11.817,1,1648,10752,JUNOMAKEPDS.PY 0.7,applied,5.0,True,full RGB; finite archive timing; individual signal and geometry assessment pending
JNCR_2019043_18C00046_V02,18,2,JNOJNC_0012,DATA/RDR/JUPITER/ORBIT_18/JNCR_2019043_18C00046_V02.LBL,https://planetarydata.jpl.nasa.gov/img/data/juno/JNOJNC_0012/DATA/RDR/JUPITER/ORBIT_18/JNCR_2019043_18C00046_V02.LBL,https://planetarydata.jpl.nasa.gov/img/data/juno/JNOJNC_0012/DATA/RDR/JUPITER/ORBIT_18/JNCR_2019043_18C00046_V02.IMG,444fd343ed74d67e96b1b1346004e112,e36a7f9821b66dcc610f0a98deb58666,35438592,2019-02-12T18:20:02.249,2019-02-12T18:20:12.637,1,1648,10752,JUNOMAKEPDS.PY 0.7,applied,-2.0,True,full RGB; finite archive timing; individual signal and geometry assessment pending
JNCR_2019043_18C00047_V02,18,2,JNOJNC_0012,DATA/RDR/JUPITER/ORBIT_18/JNCR_2019043_18C00047_V02.LBL,https://planetarydata.jpl.nasa.gov/img/data/juno/JNOJNC_0012/DATA/RDR/JUPITER/ORBIT_18/JNCR_2019043_18C00047_V02.LBL,https://planetarydata.jpl.nasa.gov/img/data/juno/JNOJNC_0012/DATA/RDR/JUPITER/ORBIT_18/JNCR_2019043_18C00047_V02.IMG,e474f204e50a3d45af3e7ae91bb974fc,bd80bc90d4bd52f5674bc6b337572b27,32907264,2019-02-12T18:25:03.549,2019-02-12T18:25:13.195,1,1648,9984,JUNOMAKEPDS.PY 0.7,applied,5.0,True,full RGB; finite archive timing; individual signal and geometry assessment pending
JNCR_2019043_18C00048_V02,18,2,JNOJNC_0012,DATA/RDR/JUPITER/ORBIT_18/JNCR_2019043_18C00048_V02.LBL,https://planetarydata.jpl.nasa.gov/img/data/juno/JNOJNC_0012/DATA/RDR/JUPITER/ORBIT_18/JNCR_2019043_18C00048_V02.LBL,https://planetarydata.jpl.nasa.gov/img/data/juno/JNOJNC_0012/DATA/RDR/JUPITER/ORBIT_18/JNCR_2019043_18C00048_V02.IMG,fcbc075fca5f946447a59887bd20ff86,5199b5dff222762be1dbc76d5e8da0ac,30375936,2019-02-12T18:29:34.803,2019-02-12T18:29:43.707,1,1648,9216,JUNOMAKEPDS.PY 0.7,applied,1.0,True,full RGB; finite archive timing; individual signal and geometry assessment pending
JNCR_2019043_18C00049_V02,18,2,JNOJNC_0012,DATA/RDR/JUPITER/ORBIT_18/JNCR_2019043_18C00049_V02.LBL,https://planetarydata.jpl.nasa.gov/img/data/juno/JNOJNC_0012/DATA/RDR/JUPITER/ORBIT_18/JNCR_2019043_18C00049_V02.LBL,https://planetarydata.jpl.nasa.gov/img/data/juno/JNOJNC_0012/DATA/RDR/JUPITER/ORBIT_18/JNCR_2019043_18C00049_V02.IMG,efebb5006bcf70fbe3e2d2c3e1e0f8e3,29d7b2a130a6aeb5900cd07399c725f8,27844608,2019-02-12T18:39:37.083,2019-02-12T18:39:45.245,1,1648,8448,JUNOMAKEPDS.PY 0.7,applied,2.0,True,full RGB; finite archive timing; individual signal and geometry assessment pending
JNCR_2019043_18C00050_V02,18,2,JNOJNC_0012,DATA/RDR/JUPITER/ORBIT_18/JNCR_2019043_18C00050_V02.LBL,https://planetarydata.jpl.nasa.gov/img/data/juno/JNOJNC_0012/DATA/RDR/JUPITER/ORBIT_18/JNCR_2019043_18C00050_V02.LBL,https://planetarydata.jpl.nasa.gov/img/data/juno/JNOJNC_0012/DATA/RDR/JUPITER/ORBIT_18/JNCR_2019043_18C00050_V02.IMG,f89801feec3bbcda76231b09e2c1ad52,b45e528bf3dbfbad67c307fcbc9019ba,27844608,2019-02-12T18:41:37.513,2019-02-12T18:41:45.675,1,1648,8448,JUNOMAKEPDS.PY 0.7,applied,4.0,True,full RGB; finite archive timing; individual signal and geometry assessment pending
JNCR_2019043_18C00051_V02,18,2,JNOJNC_0012,DATA/RDR/JUPITER/ORBIT_18/JNCR_2019043_18C00051_V02.LBL,https://planetarydata.jpl.nasa.gov/img/data/juno/JNOJNC_0012/DATA/RDR/JUPITER/ORBIT_18/JNCR_2019043_18C00051_V02.LBL,https://planetarydata.jpl.nasa.gov/img/data/juno/JNOJNC_0012/DATA/RDR/JUPITER/ORBIT_18/JNCR_2019043_18C00051_V02.IMG,a3b41c56fc121fd61a1a88737d833ae9,38b6154e9a245c774dcc566e85eb4c7c,25313280,2019-02-12T18:49:39.333,2019-02-12T18:49:46.753,1,1648,7680,JUNOMAKEPDS.PY 0.7,applied,-1.0,True,full RGB; finite archive timing; individual signal and geometry assessment pending
JNCR_2019043_18C00052_V02,18,2,JNOJNC_0012,DATA/RDR/JUPITER/ORBIT_18/JNCR_2019043_18C00052_V02.LBL,https://planetarydata.jpl.nasa.gov/img/data/juno/JNOJNC_0012/DATA/RDR/JUPITER/ORBIT_18/JNCR_2019043_18C00052_V02.LBL,https://planetarydata.jpl.nasa.gov/img/data/juno/JNOJNC_0012/DATA/RDR/JUPITER/ORBIT_18/JNCR_2019043_18C00052_V02.IMG,096325ecf06d91912f81224a4b50e45a,928c8b83fde4d9caae721b47a2a121b2,25313280,2019-02-12T18:51:39.774,2019-02-12T18:51:47.194,1,1648,7680,JUNOMAKEPDS.PY 0.7,applied,-1.0,True,full RGB; finite archive timing; individual signal and geometry assessment pending
JNCR_2019043_18C00053_V02,18,2,JNOJNC_0012,DATA/RDR/JUPITER/ORBIT_18/JNCR_2019043_18C00053_V02.LBL,https://planetarydata.jpl.nasa.gov/img/data/juno/JNOJNC_0012/DATA/RDR/JUPITER/ORBIT_18/JNCR_2019043_18C00053_V02.LBL,https://planetarydata.jpl.nasa.gov/img/data/juno/JNOJNC_0012/DATA/RDR/JUPITER/ORBIT_18/JNCR_2019043_18C00053_V02.IMG,64a50cc1250e4d5556d482063697bac6,c101309a3a9d9a0e3f08e74c7a6a4758,22781952,2019-02-12T18:59:41.703,2019-02-12T18:59:48.381,1,1648,6912,JUNOMAKEPDS.PY 0.7,applied,-2.0,True,full RGB; finite archive timing; individual signal and geometry assessment pending
JNCR_2019043_18C00054_V01,18,1,JNOJNC_0010,DATA/RDR/JUPITER/ORBIT_18/JNCR_2019043_18C00054_V01.LBL,https://planetarydata.jpl.nasa.gov/img/data/juno/JNOJNC_0010/DATA/RDR/JUPITER/ORBIT_18/JNCR_2019043_18C00054_V01.LBL,https://planetarydata.jpl.nasa.gov/img/data/juno/JNOJNC_0010/DATA/RDR/JUPITER/ORBIT_18/JNCR_2019043_18C00054_V01.IMG,52a2544e94487100e5aef7b79d3df441,bf1cf115c3df7a3f719c1b013cce3380,22781952,2019-02-12T19:01:42.169,2019-02-12T19:01:48.847,1,1648,6912,JUNOMAKEPDS.PY 0.7,no_shift_needed,0.0,True,full RGB; finite archive timing; individual signal and geometry assessment pending
JNCR_2019360_24G00009_V01,24,1,JNOJNC_0013,DATA/RDR/JUPITER/ORBIT_24/JNCR_2019360_24G00009_V01.LBL,https://planetarydata.jpl.nasa.gov/img/data/juno/JNOJNC_0013/DATA/RDR/JUPITER/ORBIT_24/JNCR_2019360_24G00009_V01.LBL,https://planetarydata.jpl.nasa.gov/img/data/juno/JNOJNC_0013/DATA/RDR/JUPITER/ORBIT_24/JNCR_2019360_24G00009_V01.IMG,72fd9be15be0548d427c4bd34a4d9f8b,2fd0829858e16fe428e0bfce9183042b,8437760,2019-12-26T16:16:31.404,2019-12-26T16:16:38.884,1,1648,2560,JUNOMAKEPDS.PY 0.8,absent,,False,outside full RGB scope; archive timing absent
JNCR_2019360_24G00010_V01,24,1,JNOJNC_0013,DATA/RDR/JUPITER/ORBIT_24/JNCR_2019360_24G00010_V01.LBL,https://planetarydata.jpl.nasa.gov/img/data/juno/JNOJNC_0013/DATA/RDR/JUPITER/ORBIT_24/JNCR_2019360_24G00010_V01.LBL,https://planetarydata.jpl.nasa.gov/img/data/juno/JNOJNC_0013/DATA/RDR/JUPITER/ORBIT_24/JNCR_2019360_24G00010_V01.IMG,e4d2e91e4d9c76e4ab19ef3c9c6f716c,c7498df145941e9cedd01d01cbb30021,9281536,2019-12-26T16:31:41.829,2019-12-26T16:31:50.057,1,1648,2816,JUNOMAKEPDS.PY 0.8,absent,,False,outside full RGB scope; archive timing absent
JNCR_2019360_24G00011_V01,24,1,JNOJNC_0013,DATA/RDR/JUPITER/ORBIT_24/JNCR_2019360_24G00011_V01.LBL,https://planetarydata.jpl.nasa.gov/img/data/juno/JNOJNC_0013/DATA/RDR/JUPITER/ORBIT_24/JNCR_2019360_24G00011_V01.LBL,https://planetarydata.jpl.nasa.gov/img/data/juno/JNOJNC_0013/DATA/RDR/JUPITER/ORBIT_24/JNCR_2019360_24G00011_V01.IMG,1e4e148974bfe979ec9ee47ea642d167,47ddd90e7852dee3beb89b125f05798e,10125312,2019-12-26T16:42:19.109,2019-12-26T16:42:28.085,1,1648,3072,JUNOMAKEPDS.PY 0.8,absent,,False,outside full RGB scope; archive timing absent
JNCR_2019360_24G00012_V01,24,1,JNOJNC_0013,DATA/RDR/JUPITER/ORBIT_24/JNCR_2019360_24G00012_V01.LBL,https://planetarydata.jpl.nasa.gov/img/data/juno/JNOJNC_0013/DATA/RDR/JUPITER/ORBIT_24/JNCR_2019360_24G00012_V01.LBL,https://planetarydata.jpl.nasa.gov/img/data/juno/JNOJNC_0013/DATA/RDR/JUPITER/ORBIT_24/JNCR_2019360_24G00012_V01.IMG,342bec719ceaaf31c5664df0c253d29a,3a7f76b9fb1cc1690ede93cf058a2752,10969088,2019-12-26T16:50:24.491,2019-12-26T16:50:34.215,1,1648,3328,JUNOMAKEPDS.PY 0.8,absent,,False,outside full RGB scope; archive timing absent
JNCR_2019360_24C00013_V01,24,1,JNOJNC_0013,DATA/RDR/JUPITER/ORBIT_24/JNCR_2019360_24C00013_V01.LBL,https://planetarydata.jpl.nasa.gov/img/data/juno/JNOJNC_0013/DATA/RDR/JUPITER/ORBIT_24/JNCR_2019360_24C00013_V01.LBL,https://planetarydata.jpl.nasa.gov/img/data/juno/JNOJNC_0013/DATA/RDR/JUPITER/ORBIT_24/JNCR_2019360_24C00013_V01.IMG,72412ceeed9e345dd37cb963baa3cc27,84a2dcbec8d7756238d16f0371ec7e58,35438592,2019-12-26T16:55:58.069,2019-12-26T16:56:08.541,1,1648,10752,JUNOMAKEPDS.PY 0.8,applied,-1.0,True,full RGB; finite archive timing; individual signal and geometry assessment pending
JNCR_2019360_24M00014_V01,24,1,JNOJNC_0013,DATA/RDR/JUPITER/ORBIT_24/JNCR_2019360_24M00014_V01.LBL,https://planetarydata.jpl.nasa.gov/img/data/juno/JNOJNC_0013/DATA/RDR/JUPITER/ORBIT_24/JNCR_2019360_24M00014_V01.LBL,https://planetarydata.jpl.nasa.gov/img/data/juno/JNOJNC_0013/DATA/RDR/JUPITER/ORBIT_24/JNCR_2019360_24M00014_V01.IMG,b841e16c1de456626a015370a3cad1a0,a8aff9a0e61282a0ecdb57c24941ee07,11812864,2019-12-26T16:56:58.784,2019-12-26T16:57:09.256,1,1648,3584,JUNOMAKEPDS.PY 0.8,applied,7.0,False,outside full RGB scope
JNCR_2019360_24C00015_V01,24,1,JNOJNC_0013,DATA/RDR/JUPITER/ORBIT_24/JNCR_2019360_24C00015_V01.LBL,https://planetarydata.jpl.nasa.gov/img/data/juno/JNOJNC_0013/DATA/RDR/JUPITER/ORBIT_24/JNCR_2019360_24C00015_V01.LBL,https://planetarydata.jpl.nasa.gov/img/data/juno/JNOJNC_0013/DATA/RDR/JUPITER/ORBIT_24/JNCR_2019360_24C00015_V01.IMG,fc9c1dea8c5321b1f60005bfecddf421,3040dd7979451468f479a55e1a8c6077,37969920,2019-12-26T16:59:30.233,2019-12-26T16:59:41.453,1,1648,11520,JUNOMAKEPDS.PY 0.8,applied,-4.0,True,full RGB; finite archive timing; individual signal and geometry assessment pending
JNCR_2019360_24M00016_V01,24,1,JNOJNC_0013,DATA/RDR/JUPITER/ORBIT_24/JNCR_2019360_24M00016_V01.LBL,https://planetarydata.jpl.nasa.gov/img/data/juno/JNOJNC_0013/DATA/RDR/JUPITER/ORBIT_24/JNCR_2019360_24M00016_V01.LBL,https://planetarydata.jpl.nasa.gov/img/data/juno/JNOJNC_0013/DATA/RDR/JUPITER/ORBIT_24/JNCR_2019360_24M00016_V01.IMG,264042b2e2e35ff1d507073ce47daac5,9a17319ffb6f375e272692222705cecf,12656640,2019-12-26T17:01:01.315,2019-12-26T17:01:12.535,1,1648,3840,JUNOMAKEPDS.PY 0.8,applied,2.0,False,outside full RGB scope
JNCR_2019360_24C00017_V01,24,1,JNOJNC_0013,DATA/RDR/JUPITER/ORBIT_24/JNCR_2019360_24C00017_V01.LBL,https://planetarydata.jpl.nasa.gov/img/data/juno/JNOJNC_0013/DATA/RDR/JUPITER/ORBIT_24/JNCR_2019360_24C00017_V01.LBL,https://planetarydata.jpl.nasa.gov/img/data/juno/JNOJNC_0013/DATA/RDR/JUPITER/ORBIT_24/JNCR_2019360_24C00017_V01.IMG,8709fbbbb46fdc5fe7cbedd77e9cb67d,cdef09a4b53f45d9275af9e918f87ec2,40501248,2019-12-26T17:04:03.123,2019-12-26T17:04:15.091,1,1648,12288,JUNOMAKEPDS.PY 0.8,applied,-1.0,True,full RGB; finite archive timing; individual signal and geometry assessment pending
JNCR_2019360_24M00018_V01,24,1,JNOJNC_0013,DATA/RDR/JUPITER/ORBIT_24/JNCR_2019360_24M00018_V01.LBL,https://planetarydata.jpl.nasa.gov/img/data/juno/JNOJNC_0013/DATA/RDR/JUPITER/ORBIT_24/JNCR_2019360_24M00018_V01.LBL,https://planetarydata.jpl.nasa.gov/img/data/juno/JNOJNC_0013/DATA/RDR/JUPITER/ORBIT_24/JNCR_2019360_24M00018_V01.IMG,5ac95d74cb0753c93495388433ca7dd8,b42210d5ce534bf90f9e5223999d4a67,13500416,2019-12-26T17:05:34.178,2019-12-26T17:05:46.146,1,1648,4096,JUNOMAKEPDS.PY 0.8,applied,5.0,False,outside full RGB scope
JNCR_2019360_24C00019_V01,24,1,JNOJNC_0013,DATA/RDR/JUPITER/ORBIT_24/JNCR_2019360_24C00019_V01.LBL,https://planetarydata.jpl.nasa.gov/img/data/juno/JNOJNC_0013/DATA/RDR/JUPITER/ORBIT_24/JNCR_2019360_24C00019_V01.LBL,https://planetarydata.jpl.nasa.gov/img/data/juno/JNOJNC_0013/DATA/RDR/JUPITER/ORBIT_24/JNCR_2019360_24C00019_V01.IMG,a44d1056b3f7491d15d3d2e123900d74,9eed8d7718592b9416fde37ac3523ed0,40501248,2019-12-26T17:06:34.931,2019-12-26T17:06:46.899,1,1648,12288,JUNOMAKEPDS.PY 0.8,applied,-1.0,True,full RGB; finite archive timing; individual signal and geometry assessment pending
JNCR_2019360_24M00020_V01,24,1,JNOJNC_0013,DATA/RDR/JUPITER/ORBIT_24/JNCR_2019360_24M00020_V01.LBL,https://planetarydata.jpl.nasa.gov/img/data/juno/JNOJNC_0013/DATA/RDR/JUPITER/ORBIT_24/JNCR_2019360_24M00020_V01.LBL,https://planetarydata.jpl.nasa.gov/img/data/juno/JNOJNC_0013/DATA/RDR/JUPITER/ORBIT_24/JNCR_2019360_24M00020_V01.IMG,58d16977020d2c0053a8f5ee679ed3b8,0635ae4c72d7f206256ef9c68257e7e6,13500416,2019-12-26T17:08:05.970,2019-12-26T17:08:17.938,1,1648,4096,JUNOMAKEPDS.PY 0.8,applied,4.0,False,outside full RGB scope
JNCR_2019360_24C00021_V01,24,1,JNOJNC_0013,DATA/RDR/JUPITER/ORBIT_24/JNCR_2019360_24C00021_V01.LBL,https://planetarydata.jpl.nasa.gov/img/data/juno/JNOJNC_0013/DATA/RDR/JUPITER/ORBIT_24/JNCR_2019360_24C00021_V01.LBL,https://planetarydata.jpl.nasa.gov/img/data/juno/JNOJNC_0013/DATA/RDR/JUPITER/ORBIT_24/JNCR_2019360_24C00021_V01.IMG,04e53b0d66869c78b66765af4bc00a1f,ae85a4f2a20d3266bc58b0a3b4c17b3b,43032576,2019-12-26T17:09:36.759,2019-12-26T17:09:49.475,1,1648,13056,JUNOMAKEPDS.PY 0.8,applied,2.0,True,full RGB; finite archive timing; individual signal and geometry assessment pending
JNCR_2019360_24C00022_V01,24,1,JNOJNC_0013,DATA/RDR/JUPITER/ORBIT_24/JNCR_2019360_24C00022_V01.LBL,https://planetarydata.jpl.nasa.gov/img/data/juno/JNOJNC_0013/DATA/RDR/JUPITER/ORBIT_24/JNCR_2019360_24C00022_V01.LBL,https://planetarydata.jpl.nasa.gov/img/data/juno/JNOJNC_0013/DATA/RDR/JUPITER/ORBIT_24/JNCR_2019360_24C00022_V01.IMG,1696134b2d40d4b7961e5dd15112cc32,21b379fac588dc9a6aa49345bd94aa8e,45563904,2019-12-26T17:14:39.962,2019-12-26T17:14:53.426,1,1648,13824,JUNOMAKEPDS.PY 0.8,applied,-2.0,True,full RGB; finite archive timing; individual signal and geometry assessment pending
JNCR_2019360_24C00023_V01,24,1,JNOJNC_0013,DATA/RDR/JUPITER/ORBIT_24/JNCR_2019360_24C00023_V01.LBL,https://planetarydata.jpl.nasa.gov/img/data/juno/JNOJNC_0013/DATA/RDR/JUPITER/ORBIT_24/JNCR_2019360_24C00023_V01.LBL,https://planetarydata.jpl.nasa.gov/img/data/juno/JNOJNC_0013/DATA/RDR/JUPITER/ORBIT_24/JNCR_2019360_24C00023_V01.IMG,e6b0f872d18aff68a2c4a7b8055a9eb2,3eb2dce026188407c1bc14b4866a8af4,48095232,2019-12-26T17:19:43.352,2019-12-26T17:19:57.564,1,1648,14592,JUNOMAKEPDS.PY 0.8,applied,-5.0,True,full RGB; finite archive timing; individual signal and geometry assessment pending
JNCR_2019360_24C00024_V01,24,1,JNOJNC_0013,DATA/RDR/JUPITER/ORBIT_24/JNCR_2019360_24C00024_V01.LBL,https://planetarydata.jpl.nasa.gov/img/data/juno/JNOJNC_0013/DATA/RDR/JUPITER/ORBIT_24/JNCR_2019360_24C00024_V01.LBL,https://planetarydata.jpl.nasa.gov/img/data/juno/JNOJNC_0013/DATA/RDR/JUPITER/ORBIT_24/JNCR_2019360_24C00024_V01.IMG,f4434d570fcd75eeb2442a68b7403cb9,64c93eb878b211fa46af674b4db7af38,48095232,2019-12-26T17:23:15.790,2019-12-26T17:23:30.002,1,1648,14592,JUNOMAKEPDS.PY 0.8,applied,-4.0,True,full RGB; finite archive timing; individual signal and geometry assessment pending
JNCR_2019360_24C00025_V01,24,1,JNOJNC_0013,DATA/RDR/JUPITER/ORBIT_24/JNCR_2019360_24C00025_V01.LBL,https://planetarydata.jpl.nasa.gov/img/data/juno/JNOJNC_0013/DATA/RDR/JUPITER/ORBIT_24/JNCR_2019360_24C00025_V01.LBL,https://planetarydata.jpl.nasa.gov/img/data/juno/JNOJNC_0013/DATA/RDR/JUPITER/ORBIT_24/JNCR_2019360_24C00025_V01.IMG,8cfd1f1441f7e70866b95085416f5103,4869895e31e86cede51e2c074ce9441b,50626560,2019-12-26T17:26:17.621,2019-12-26T17:26:32.581,1,1648,15360,JUNOMAKEPDS.PY 0.8,applied,-3.0,True,full RGB; finite archive timing; individual signal and geometry assessment pending
JNCR_2019360_24M00026_V01,24,1,JNOJNC_0013,DATA/RDR/JUPITER/ORBIT_24/JNCR_2019360_24M00026_V01.LBL,https://planetarydata.jpl.nasa.gov/img/data/juno/JNOJNC_0013/DATA/RDR/JUPITER/ORBIT_24/JNCR_2019360_24M00026_V01.LBL,https://planetarydata.jpl.nasa.gov/img/data/juno/JNOJNC_0013/DATA/RDR/JUPITER/ORBIT_24/JNCR_2019360_24M00026_V01.IMG,d2c0fb11c7d3f618e42d5b9242386c0f,da2cd7152f8a5c32dd724b84a625b934,16875520,2019-12-26T17:27:51.250,2019-12-26T17:28:06.210,1,1648,5120,JUNOMAKEPDS.PY 0.8,applied,-25.0,False,outside full RGB scope
JNCR_2019360_24C00027_V01,24,1,JNOJNC_0013,DATA/RDR/JUPITER/ORBIT_24/JNCR_2019360_24C00027_V01.LBL,https://planetarydata.jpl.nasa.gov/img/data/juno/JNOJNC_0013/DATA/RDR/JUPITER/ORBIT_24/JNCR_2019360_24C00027_V01.LBL,https://planetarydata.jpl.nasa.gov/img/data/juno/JNOJNC_0013/DATA/RDR/JUPITER/ORBIT_24/JNCR_2019360_24C00027_V01.IMG,dccbd96db1cb635867ecca71e6588a49,04282870c2a9010fb306c11ecfc553f3,50626560,2019-12-26T17:29:19.906,2019-12-26T17:29:34.866,1,1648,15360,JUNOMAKEPDS.PY 0.8,applied,-3.0,True,full RGB; finite archive timing; individual signal and geometry assessment pending
JNCR_2019360_24C00028_V01,24,1,JNOJNC_0013,DATA/RDR/JUPITER/ORBIT_24/JNCR_2019360_24C00028_V01.LBL,https://planetarydata.jpl.nasa.gov/img/data/juno/JNOJNC_0013/DATA/RDR/JUPITER/ORBIT_24/JNCR_2019360_24C00028_V01.LBL,https://planetarydata.jpl.nasa.gov/img/data/juno/JNOJNC_0013/DATA/RDR/JUPITER/ORBIT_24/JNCR_2019360_24C00028_V01.IMG,c2b777c6eb05c0af41c1fe4b90601699,9499890fc29798c05152fccf5c1f9dbe,50626560,2019-12-26T17:32:22.152,2019-12-26T17:32:37.112,1,1648,15360,JUNOMAKEPDS.PY 0.8,undetermined,,False,archive timing undetermined
JNCR_2019360_24C00029_V01,24,1,JNOJNC_0013,DATA/RDR/JUPITER/ORBIT_24/JNCR_2019360_24C00029_V01.LBL,https://planetarydata.jpl.nasa.gov/img/data/juno/JNOJNC_0013/DATA/RDR/JUPITER/ORBIT_24/JNCR_2019360_24C00029_V01.LBL,https://planetarydata.jpl.nasa.gov/img/data/juno/JNOJNC_0013/DATA/RDR/JUPITER/ORBIT_24/JNCR_2019360_24C00029_V01.IMG,1d3a835031f44e9743bc3a72c69696fc,5c9c715ca322cb0c3f74949d185588ab,53157888,2019-12-26T17:34:23.207,2019-12-26T17:34:38.915,1,1648,16128,JUNOMAKEPDS.PY 0.8,undetermined,,False,archive timing undetermined
JNCR_2019360_24C00030_V01,24,1,JNOJNC_0013,DATA/RDR/JUPITER/ORBIT_24/JNCR_2019360_24C00030_V01.LBL,https://planetarydata.jpl.nasa.gov/img/data/juno/JNOJNC_0013/DATA/RDR/JUPITER/ORBIT_24/JNCR_2019360_24C00030_V01.LBL,https://planetarydata.jpl.nasa.gov/img/data/juno/JNOJNC_0013/DATA/RDR/JUPITER/ORBIT_24/JNCR_2019360_24C00030_V01.IMG,72f2648688b7c76396463a097f601e12,3855dbdde9e2156713e05d7d5bd36ba0,53157888,2019-12-26T17:36:24.765,2019-12-26T17:36:40.473,1,1648,16128,JUNOMAKEPDS.PY 0.8,undetermined,,False,archive timing undetermined
JNCR_2019360_24C00031_V01,24,1,JNOJNC_0013,DATA/RDR/JUPITER/ORBIT_24/JNCR_2019360_24C00031_V01.LBL,https://planetarydata.jpl.nasa.gov/img/data/juno/JNOJNC_0013/DATA/RDR/JUPITER/ORBIT_24/JNCR_2019360_24C00031_V01.LBL,https://planetarydata.jpl.nasa.gov/img/data/juno/JNOJNC_0013/DATA/RDR/JUPITER/ORBIT_24/JNCR_2019360_24C00031_V01.IMG,69065baf4bafa5f46f07f6baddd70fac,1c9f9634aef414b83d4cacd4aed891da,53157888,2019-12-26T17:38:26.273,2019-12-26T17:38:41.981,1,1648,16128,JUNOMAKEPDS.PY 0.8,undetermined,,False,archive timing undetermined
JNCR_2019360_24C00032_V01,24,1,JNOJNC_0013,DATA/RDR/JUPITER/ORBIT_24/JNCR_2019360_24C00032_V01.LBL,https://planetarydata.jpl.nasa.gov/img/data/juno/JNOJNC_0013/DATA/RDR/JUPITER/ORBIT_24/JNCR_2019360_24C00032_V01.LBL,https://planetarydata.jpl.nasa.gov/img/data/juno/JNOJNC_0013/DATA/RDR/JUPITER/ORBIT_24/JNCR_2019360_24C00032_V01.IMG,c2943f0849cec1dc40ab16a0cce8bbd9,05d55510d3b47cef2693e41b108e8073,53157888,2019-12-26T17:40:27.999,2019-12-26T17:40:43.707,1,1648,16128,JUNOMAKEPDS.PY 0.8,undetermined,,False,archive timing undetermined
JNCR_2019360_24C00033_V01,24,1,JNOJNC_0013,DATA/RDR/JUPITER/ORBIT_24/JNCR_2019360_24C00033_V01.LBL,https://planetarydata.jpl.nasa.gov/img/data/juno/JNOJNC_0013/DATA/RDR/JUPITER/ORBIT_24/JNCR_2019360_24C00033_V01.LBL,https://planetarydata.jpl.nasa.gov/img/data/juno/JNOJNC_0013/DATA/RDR/JUPITER/ORBIT_24/JNCR_2019360_24C00033_V01.IMG,3179eb9f8252eb13286afdd19f044aa9,69f5470a285ef7b8a38b977865ff8fc6,53157888,2019-12-26T17:43:00.386,2019-12-26T17:43:16.094,1,1648,16128,JUNOMAKEPDS.PY 0.8,undetermined,,False,archive timing undetermined
JNCR_2019360_24C00034_V01,24,1,JNOJNC_0013,DATA/RDR/JUPITER/ORBIT_24/JNCR_2019360_24C00034_V01.LBL,https://planetarydata.jpl.nasa.gov/img/data/juno/JNOJNC_0013/DATA/RDR/JUPITER/ORBIT_24/JNCR_2019360_24C00034_V01.LBL,https://planetarydata.jpl.nasa.gov/img/data/juno/JNOJNC_0013/DATA/RDR/JUPITER/ORBIT_24/JNCR_2019360_24C00034_V01.IMG,de71afcc9eebe0cc1b6eab13d6086304,53e76921ddbd4dc21debcbe8f5a23afd,50626560,2019-12-26T17:45:35.143,2019-12-26T17:45:50.103,1,1648,15360,JUNOMAKEPDS.PY 0.8,undetermined,,False,archive timing undetermined
JNCR_2019360_24C00035_V01,24,1,JNOJNC_0013,DATA/RDR/JUPITER/ORBIT_24/JNCR_2019360_24C00035_V01.LBL,https://planetarydata.jpl.nasa.gov/img/data/juno/JNOJNC_0013/DATA/RDR/JUPITER/ORBIT_24/JNCR_2019360_24C00035_V01.LBL,https://planetarydata.jpl.nasa.gov/img/data/juno/JNOJNC_0013/DATA/RDR/JUPITER/ORBIT_24/JNCR_2019360_24C00035_V01.IMG,0eb371921e5f2795674308d65fedeaee,c49ae8125de16fa959c87db289b073f3,50626560,2019-12-26T17:48:15.655,2019-12-26T17:48:30.615,1,1648,15360,JUNOMAKEPDS.PY 0.8,undetermined,,False,archive timing undetermined
JNCR_2019360_24C00036_V01,24,1,JNOJNC_0013,DATA/RDR/JUPITER/ORBIT_24/JNCR_2019360_24C00036_V01.LBL,https://planetarydata.jpl.nasa.gov/img/data/juno/JNOJNC_0013/DATA/RDR/JUPITER/ORBIT_24/JNCR_2019360_24C00036_V01.LBL,https://planetarydata.jpl.nasa.gov/img/data/juno/JNOJNC_0013/DATA/RDR/JUPITER/ORBIT_24/JNCR_2019360_24C00036_V01.IMG,73e1b1608ed1bc53d39b3c249052012c,ea7578e45aee6ea3363c78d920d44992,50626560,2019-12-26T17:50:49.084,2019-12-26T17:51:04.044,1,1648,15360,JUNOMAKEPDS.PY 0.8,undetermined,,False,archive timing undetermined
JNCR_2019360_24C00037_V01,24,1,JNOJNC_0013,DATA/RDR/JUPITER/ORBIT_24/JNCR_2019360_24C00037_V01.LBL,https://planetarydata.jpl.nasa.gov/img/data/juno/JNOJNC_0013/DATA/RDR/JUPITER/ORBIT_24/JNCR_2019360_24C00037_V01.LBL,https://planetarydata.jpl.nasa.gov/img/data/juno/JNOJNC_0013/DATA/RDR/JUPITER/ORBIT_24/JNCR_2019360_24C00037_V01.IMG,93792eec625b2972eb63b80b59ebf0f8,4cba5c48ed8db2c0400ebf02f9a38fa6,48095232,2019-12-26T17:53:52.069,2019-12-26T17:54:06.281,1,1648,14592,JUNOMAKEPDS.PY 0.8,undetermined,,False,archive timing undetermined
JNCR_2019360_24C00038_V01,24,1,JNOJNC_0013,DATA/RDR/JUPITER/ORBIT_24/JNCR_2019360_24C00038_V01.LBL,https://planetarydata.jpl.nasa.gov/img/data/juno/JNOJNC_0013/DATA/RDR/JUPITER/ORBIT_24/JNCR_2019360_24C00038_V01.LBL,https://planetarydata.jpl.nasa.gov/img/data/juno/JNOJNC_0013/DATA/RDR/JUPITER/ORBIT_24/JNCR_2019360_24C00038_V01.IMG,5800878b9d69d7cc3a83b1b7a44162a6,2217c6c13e2cdd1e0ae75846f58c9ea4,45563904,2019-12-26T17:57:25.174,2019-12-26T17:57:38.638,1,1648,13824,JUNOMAKEPDS.PY 0.8,undetermined,,False,archive timing undetermined
JNCR_2019360_24C00039_V01,24,1,JNOJNC_0013,DATA/RDR/JUPITER/ORBIT_24/JNCR_2019360_24C00039_V01.LBL,https://planetarydata.jpl.nasa.gov/img/data/juno/JNOJNC_0013/DATA/RDR/JUPITER/ORBIT_24/JNCR_2019360_24C00039_V01.LBL,https://planetarydata.jpl.nasa.gov/img/data/juno/JNOJNC_0013/DATA/RDR/JUPITER/ORBIT_24/JNCR_2019360_24C00039_V01.IMG,fdb59e3144f21f94b85c5e5c65da1a72,b3ed45e969c7ee33b6abffb61530aa27,2214912,2019-12-26T18:01:28.240,2019-12-26T18:01:28.614,1,1648,672,JUNOMAKEPDS.PY 0.8,undetermined,,False,unsupported sampling or incomplete framelets; lost or partial image; archive timing undetermined
JNCR_2019360_24C00040_V01,24,1,JNOJNC_0013,DATA/RDR/JUPITER/ORBIT_24/JNCR_2019360_24C00040_V01.LBL,https://planetarydata.jpl.nasa.gov/img/data/juno/JNOJNC_0013/DATA/RDR/JUPITER/ORBIT_24/JNCR_2019360_24C00040_V01.LBL,https://planetarydata.jpl.nasa.gov/img/data/juno/JNOJNC_0013/DATA/RDR/JUPITER/ORBIT_24/JNCR_2019360_24C00040_V01.IMG,92369ab43978a6e70fe96709425d5f3c,ebbd3841cbbdf4f9812bbeda4e917464,40501248,2019-12-26T18:07:33.493,2019-12-26T18:07:45.461,1,1648,12288,JUNOMAKEPDS.PY 0.8,applied,5.0,True,full RGB; finite archive timing; individual signal and geometry assessment pending
JNCR_2019360_24C00041_V01,24,1,JNOJNC_0013,DATA/RDR/JUPITER/ORBIT_24/JNCR_2019360_24C00041_V01.LBL,https://planetarydata.jpl.nasa.gov/img/data/juno/JNOJNC_0013/DATA/RDR/JUPITER/ORBIT_24/JNCR_2019360_24C00041_V01.LBL,https://planetarydata.jpl.nasa.gov/img/data/juno/JNOJNC_0013/DATA/RDR/JUPITER/ORBIT_24/JNCR_2019360_24C00041_V01.IMG,fd244cf9c4a82e43186301b91874b8ba,5665ec88433a148f08239d9b79860ab9,37969920,2019-12-26T18:14:39.133,2019-12-26T18:14:50.353,1,1648,11520,JUNOMAKEPDS.PY 0.8,applied,7.0,True,full RGB; finite archive timing; individual signal and geometry assessment pending
JNCR_2019360_24C00042_V01,24,1,JNOJNC_0013,DATA/RDR/JUPITER/ORBIT_24/JNCR_2019360_24C00042_V01.LBL,https://planetarydata.jpl.nasa.gov/img/data/juno/JNOJNC_0013/DATA/RDR/JUPITER/ORBIT_24/JNCR_2019360_24C00042_V01.LBL,https://planetarydata.jpl.nasa.gov/img/data/juno/JNOJNC_0013/DATA/RDR/JUPITER/ORBIT_24/JNCR_2019360_24C00042_V01.IMG,4c8f69e5f63cb35e988cc91b1d8fe143,b3eea26c7df6154cc3c6b9fe46eece42,35438592,2019-12-26T18:21:44.598,2019-12-26T18:21:55.070,1,1648,10752,JUNOMAKEPDS.PY 0.8,no_shift_needed,0.0,True,full RGB; finite archive timing; individual signal and geometry assessment pending
JNCR_2019360_24C00043_V01,24,1,JNOJNC_0013,DATA/RDR/JUPITER/ORBIT_24/JNCR_2019360_24C00043_V01.LBL,https://planetarydata.jpl.nasa.gov/img/data/juno/JNOJNC_0013/DATA/RDR/JUPITER/ORBIT_24/JNCR_2019360_24C00043_V01.LBL,https://planetarydata.jpl.nasa.gov/img/data/juno/JNOJNC_0013/DATA/RDR/JUPITER/ORBIT_24/JNCR_2019360_24C00043_V01.IMG,eacb7de3a067698ce88b69f1b9634e9e,4de8d5e33dd0b93012ec5044fefc3d77,30375936,2019-12-26T18:28:20.246,2019-12-26T18:28:29.222,1,1648,9216,JUNOMAKEPDS.PY 0.8,applied,9.0,True,full RGB; finite archive timing; individual signal and geometry assessment pending
JNCR_2019360_24C00044_V01,24,1,JNOJNC_0013,DATA/RDR/JUPITER/ORBIT_24/JNCR_2019360_24C00044_V01.LBL,https://planetarydata.jpl.nasa.gov/img/data/juno/JNOJNC_0013/DATA/RDR/JUPITER/ORBIT_24/JNCR_2019360_24C00044_V01.LBL,https://planetarydata.jpl.nasa.gov/img/data/juno/JNOJNC_0013/DATA/RDR/JUPITER/ORBIT_24/JNCR_2019360_24C00044_V01.IMG,ae04342707e0be5073998b9b5948483c,0f7c6524ec5cf4a68ede8d3f241aaef7,27844608,2019-12-26T18:36:26.386,2019-12-26T18:36:34.614,1,1648,8448,JUNOMAKEPDS.PY 0.8,no_shift_needed,0.0,True,full RGB; finite archive timing; individual signal and geometry assessment pending
JNCR_2019360_24C00045_V01,24,1,JNOJNC_0013,DATA/RDR/JUPITER/ORBIT_24/JNCR_2019360_24C00045_V01.LBL,https://planetarydata.jpl.nasa.gov/img/data/juno/JNOJNC_0013/DATA/RDR/JUPITER/ORBIT_24/JNCR_2019360_24C00045_V01.LBL,https://planetarydata.jpl.nasa.gov/img/data/juno/JNOJNC_0013/DATA/RDR/JUPITER/ORBIT_24/JNCR_2019360_24C00045_V01.IMG,c2443dafcf30601c2b9043e2b1448ffc,7889c9e21ac92736a39ae92a1c42cf27,27844608,2019-12-26T18:44:32.369,2019-12-26T18:44:40.597,1,1648,8448,JUNOMAKEPDS.PY 0.8,applied,-2.0,True,full RGB; finite archive timing; individual signal and geometry assessment pending
JNCR_2019360_24C00046_V01,24,1,JNOJNC_0013,DATA/RDR/JUPITER/ORBIT_24/JNCR_2019360_24C00046_V01.LBL,https://planetarydata.jpl.nasa.gov/img/data/juno/JNOJNC_0013/DATA/RDR/JUPITER/ORBIT_24/JNCR_2019360_24C00046_V01.LBL,https://planetarydata.jpl.nasa.gov/img/data/juno/JNOJNC_0013/DATA/RDR/JUPITER/ORBIT_24/JNCR_2019360_24C00046_V01.IMG,e0a7afd8ed79f762031085ff5fad814c,d68fcc1de9f8fb3f16cc1b65af60c7a4,25313280,2019-12-26T18:52:38.638,2019-12-26T18:52:46.118,1,1648,7680,JUNOMAKEPDS.PY 0.8,applied,5.0,True,full RGB; finite archive timing; individual signal and geometry assessment pending
JNCR_2019360_24C00047_V01,24,1,JNOJNC_0013,DATA/RDR/JUPITER/ORBIT_24/JNCR_2019360_24C00047_V01.LBL,https://planetarydata.jpl.nasa.gov/img/data/juno/JNOJNC_0013/DATA/RDR/JUPITER/ORBIT_24/JNCR_2019360_24C00047_V01.LBL,https://planetarydata.jpl.nasa.gov/img/data/juno/JNOJNC_0013/DATA/RDR/JUPITER/ORBIT_24/JNCR_2019360_24C00047_V01.IMG,1883ff1c598d6f1a493aee8463786afb,4ba2d6d31198b395f30515bc41e0f55a,22781952,2019-12-26T19:01:45.560,2019-12-26T19:01:52.292,1,1648,6912,JUNOMAKEPDS.PY 0.8,applied,2.0,True,full RGB; finite archive timing; individual signal and geometry assessment pending
JNCR_2020313_30R00002_V01,30,1,JNOJNC_0016,DATA/RDR/JUPITER/ORBIT_30/JNCR_2020313_30R00002_V01.LBL,https://planetarydata.jpl.nasa.gov/img/data/juno/JNOJNC_0016/DATA/RDR/JUPITER/ORBIT_30/JNCR_2020313_30R00002_V01.LBL,https://planetarydata.jpl.nasa.gov/img/data/juno/JNOJNC_0016/DATA/RDR/JUPITER/ORBIT_30/JNCR_2020313_30R00002_V01.IMG,f4a6d96d6d02f03a02596fff0505fb67,8ebeab82b418d61535ff09ff6e404e3d,8437760,2020-11-08T00:32:07.881,2020-11-08T00:32:15.281,1,1648,2560,JUNOMAKEPDS.PY 0.9,absent,,False,outside full RGB scope; archive timing absent
JNCR_2020313_30R00003_V01,30,1,JNOJNC_0016,DATA/RDR/JUPITER/ORBIT_30/JNCR_2020313_30R00003_V01.LBL,https://planetarydata.jpl.nasa.gov/img/data/juno/JNOJNC_0016/DATA/RDR/JUPITER/ORBIT_30/JNCR_2020313_30R00003_V01.LBL,https://planetarydata.jpl.nasa.gov/img/data/juno/JNOJNC_0016/DATA/RDR/JUPITER/ORBIT_30/JNCR_2020313_30R00003_V01.IMG,9638571a9d7cb3ad3b7b7b4136eb7c7d,f76e99f20e3dd34d2cfde91d25dd531d,9281536,2020-11-08T00:42:08.705,2020-11-08T00:42:16.845,1,1648,2816,JUNOMAKEPDS.PY 0.9,absent,,False,outside full RGB scope; archive timing absent
JNCR_2020313_30R00004_V01,30,1,JNOJNC_0016,DATA/RDR/JUPITER/ORBIT_30/JNCR_2020313_30R00004_V01.LBL,https://planetarydata.jpl.nasa.gov/img/data/juno/JNOJNC_0016/DATA/RDR/JUPITER/ORBIT_30/JNCR_2020313_30R00004_V01.LBL,https://planetarydata.jpl.nasa.gov/img/data/juno/JNOJNC_0016/DATA/RDR/JUPITER/ORBIT_30/JNCR_2020313_30R00004_V01.IMG,44283b06f7eaecd7e3c4fd3a7fde9e9c,e6d02de2a6d295a4586ba6676b117970,10125312,2020-11-08T00:52:09.685,2020-11-08T00:52:18.565,1,1648,3072,JUNOMAKEPDS.PY 0.9,absent,,False,outside full RGB scope; archive timing absent
JNCR_2020313_30R00005_V01,30,1,JNOJNC_0016,DATA/RDR/JUPITER/ORBIT_30/JNCR_2020313_30R00005_V01.LBL,https://planetarydata.jpl.nasa.gov/img/data/juno/JNOJNC_0016/DATA/RDR/JUPITER/ORBIT_30/JNCR_2020313_30R00005_V01.LBL,https://planetarydata.jpl.nasa.gov/img/data/juno/JNOJNC_0016/DATA/RDR/JUPITER/ORBIT_30/JNCR_2020313_30R00005_V01.IMG,51c84b2433a5bdccb1c77b6c1a693a9e,721cf9ff6d544c3bc72d3e557dff0047,10969088,2020-11-08T01:02:10.613,2020-11-08T01:02:20.233,1,1648,3328,JUNOMAKEPDS.PY 0.9,absent,,False,outside full RGB scope; archive timing absent
JNCR_2020313_30C00006_V01,30,1,JNOJNC_0016,DATA/RDR/JUPITER/ORBIT_30/JNCR_2020313_30C00006_V01.LBL,https://planetarydata.jpl.nasa.gov/img/data/juno/JNOJNC_0016/DATA/RDR/JUPITER/ORBIT_30/JNCR_2020313_30C00006_V01.LBL,https://planetarydata.jpl.nasa.gov/img/data/juno/JNOJNC_0016/DATA/RDR/JUPITER/ORBIT_30/JNCR_2020313_30C00006_V01.IMG,309327dae48db77ef69a95f52193341d,b16ec9a080c92489a645235e2d053d36,37969920,2020-11-08T01:12:11.249,2020-11-08T01:12:22.349,1,1648,11520,JUNOMAKEPDS.PY 0.9,applied,-2.0,True,full RGB; finite archive timing; individual signal and geometry assessment pending
JNCR_2020313_30C00007_V01,30,1,JNOJNC_0016,DATA/RDR/JUPITER/ORBIT_30/JNCR_2020313_30C00007_V01.LBL,https://planetarydata.jpl.nasa.gov/img/data/juno/JNOJNC_0016/DATA/RDR/JUPITER/ORBIT_30/JNCR_2020313_30C00007_V01.LBL,https://planetarydata.jpl.nasa.gov/img/data/juno/JNOJNC_0016/DATA/RDR/JUPITER/ORBIT_30/JNCR_2020313_30C00007_V01.IMG,92369ffae03e01bbcd68e30923472298,e7588139807fc5ba758a887efabca264,37969920,2020-11-08T01:15:11.722,2020-11-08T01:15:22.822,1,1648,11520,JUNOMAKEPDS.PY 0.9,applied,2.0,True,full RGB; finite archive timing; individual signal and geometry assessment pending
JNCR_2020313_30C00008_V01,30,1,JNOJNC_0016,DATA/RDR/JUPITER/ORBIT_30/JNCR_2020313_30C00008_V01.LBL,https://planetarydata.jpl.nasa.gov/img/data/juno/JNOJNC_0016/DATA/RDR/JUPITER/ORBIT_30/JNCR_2020313_30C00008_V01.LBL,https://planetarydata.jpl.nasa.gov/img/data/juno/JNOJNC_0016/DATA/RDR/JUPITER/ORBIT_30/JNCR_2020313_30C00008_V01.IMG,c1f9c4819d21ab07ff4902b475ced095,b378c3c46b7ff81d40b94ea92be6eb7a,40501248,2020-11-08T01:18:11.714,2020-11-08T01:18:23.554,1,1648,12288,JUNOMAKEPDS.PY 0.9,applied,-1.0,True,full RGB; finite archive timing; individual signal and geometry assessment pending
JNCR_2020313_30C00009_V01,30,1,JNOJNC_0016,DATA/RDR/JUPITER/ORBIT_30/JNCR_2020313_30C00009_V01.LBL,https://planetarydata.jpl.nasa.gov/img/data/juno/JNOJNC_0016/DATA/RDR/JUPITER/ORBIT_30/JNCR_2020313_30C00009_V01.LBL,https://planetarydata.jpl.nasa.gov/img/data/juno/JNOJNC_0016/DATA/RDR/JUPITER/ORBIT_30/JNCR_2020313_30C00009_V01.IMG,ece319d6a543e5ba2b0944edcf6e61dd,1721d7ae23df303bbe616984c932d2a1,40501248,2020-11-08T01:21:12.178,2020-11-08T01:21:24.018,1,1648,12288,JUNOMAKEPDS.PY 0.9,applied,-3.0,True,full RGB; finite archive timing; individual signal and geometry assessment pending
JNCR_2020313_30M00010_V01,30,1,JNOJNC_0016,DATA/RDR/JUPITER/ORBIT_30/JNCR_2020313_30M00010_V01.LBL,https://planetarydata.jpl.nasa.gov/img/data/juno/JNOJNC_0016/DATA/RDR/JUPITER/ORBIT_30/JNCR_2020313_30M00010_V01.LBL,https://planetarydata.jpl.nasa.gov/img/data/juno/JNOJNC_0016/DATA/RDR/JUPITER/ORBIT_30/JNCR_2020313_30M00010_V01.IMG,ba22515afdb150d7fabddd3168f4dba5,c87edfa7407947b295af453f52e6fe62,13500416,2020-11-08T01:22:42.307,2020-11-08T01:22:54.147,1,1648,4096,JUNOMAKEPDS.PY 0.9,applied,6.0,False,outside full RGB scope
JNCR_2020313_30C00011_V01,30,1,JNOJNC_0016,DATA/RDR/JUPITER/ORBIT_30/JNCR_2020313_30C00011_V01.LBL,https://planetarydata.jpl.nasa.gov/img/data/juno/JNOJNC_0016/DATA/RDR/JUPITER/ORBIT_30/JNCR_2020313_30C00011_V01.LBL,https://planetarydata.jpl.nasa.gov/img/data/juno/JNOJNC_0016/DATA/RDR/JUPITER/ORBIT_30/JNCR_2020313_30C00011_V01.IMG,3170df919b439b61ebc3df37cbf91a24,6e7296633d9ff6102816b03ca500479e,43032576,2020-11-08T01:24:12.213,2020-11-08T01:24:24.793,1,1648,13056,JUNOMAKEPDS.PY 0.9,applied,7.0,True,full RGB; finite archive timing; individual signal and geometry assessment pending
JNCR_2020313_30M00012_V01,30,1,JNOJNC_0016,DATA/RDR/JUPITER/ORBIT_30/JNCR_2020313_30M00012_V01.LBL,https://planetarydata.jpl.nasa.gov/img/data/juno/JNOJNC_0016/DATA/RDR/JUPITER/ORBIT_30/JNCR_2020313_30M00012_V01.LBL,https://planetarydata.jpl.nasa.gov/img/data/juno/JNOJNC_0016/DATA/RDR/JUPITER/ORBIT_30/JNCR_2020313_30M00012_V01.IMG,26be0cb3f31d9f12f1ced06d55eeedae,aaff6ad1e3ece89186aa3b46f87a3890,14344192,2020-11-08T01:25:42.534,2020-11-08T01:25:55.114,1,1648,4352,JUNOMAKEPDS.PY 0.9,applied,4.0,False,outside full RGB scope
JNCR_2020313_30C00013_V01,30,1,JNOJNC_0016,DATA/RDR/JUPITER/ORBIT_30/JNCR_2020313_30C00013_V01.LBL,https://planetarydata.jpl.nasa.gov/img/data/juno/JNOJNC_0016/DATA/RDR/JUPITER/ORBIT_30/JNCR_2020313_30C00013_V01.LBL,https://planetarydata.jpl.nasa.gov/img/data/juno/JNOJNC_0016/DATA/RDR/JUPITER/ORBIT_30/JNCR_2020313_30C00013_V01.IMG,5ee62905b3622889c6ee8cd63c8a6447,97ff1cf69ce1fe6853643cb05a38a63e,43032576,2020-11-08T01:26:42.600,2020-11-08T01:26:55.180,1,1648,13056,JUNOMAKEPDS.PY 0.9,applied,2.0,True,full RGB; finite archive timing; individual signal and geometry assessment pending
JNCR_2020313_30C00014_V01,30,1,JNOJNC_0016,DATA/RDR/JUPITER/ORBIT_30/JNCR_2020313_30C00014_V01.LBL,https://planetarydata.jpl.nasa.gov/img/data/juno/JNOJNC_0016/DATA/RDR/JUPITER/ORBIT_30/JNCR_2020313_30C00014_V01.LBL,https://planetarydata.jpl.nasa.gov/img/data/juno/JNOJNC_0016/DATA/RDR/JUPITER/ORBIT_30/JNCR_2020313_30C00014_V01.IMG,a68389b9115082dd568406bfc701c296,a72f22e1c58b0f50097cdfd0b84a1086,45563904,2020-11-08T01:29:12.701,2020-11-08T01:29:26.021,1,1648,13824,JUNOMAKEPDS.PY 0.9,applied,-2.0,True,full RGB; finite archive timing; individual signal and geometry assessment pending
JNCR_2020313_30C00015_V01,30,1,JNOJNC_0016,DATA/RDR/JUPITER/ORBIT_30/JNCR_2020313_30C00015_V01.LBL,https://planetarydata.jpl.nasa.gov/img/data/juno/JNOJNC_0016/DATA/RDR/JUPITER/ORBIT_30/JNCR_2020313_30C00015_V01.LBL,https://planetarydata.jpl.nasa.gov/img/data/juno/JNOJNC_0016/DATA/RDR/JUPITER/ORBIT_30/JNCR_2020313_30C00015_V01.IMG,0b5a198bb1b7371e3d8f560d276ab8c3,0285b792f6d855276004feecdc9e92f5,48095232,2020-11-08T01:32:12.830,2020-11-08T01:32:26.890,1,1648,14592,JUNOMAKEPDS.PY 0.9,applied,-3.0,True,full RGB; finite archive timing; individual signal and geometry assessment pending
JNCR_2020313_30M00016_V01,30,1,JNOJNC_0016,DATA/RDR/JUPITER/ORBIT_30/JNCR_2020313_30M00016_V01.LBL,https://planetarydata.jpl.nasa.gov/img/data/juno/JNOJNC_0016/DATA/RDR/JUPITER/ORBIT_30/JNCR_2020313_30M00016_V01.LBL,https://planetarydata.jpl.nasa.gov/img/data/juno/JNOJNC_0016/DATA/RDR/JUPITER/ORBIT_30/JNCR_2020313_30M00016_V01.IMG,51ac53bd1785622eea4e0cfb8c9dcf98,da1fb57f43cee91815687bf647ca8773,16031744,2020-11-08T01:33:43.099,2020-11-08T01:33:57.159,1,1648,4864,JUNOMAKEPDS.PY 0.9,applied,3.0,False,outside full RGB scope
JNCR_2020313_30C00017_V01,30,1,JNOJNC_0016,DATA/RDR/JUPITER/ORBIT_30/JNCR_2020313_30C00017_V01.LBL,https://planetarydata.jpl.nasa.gov/img/data/juno/JNOJNC_0016/DATA/RDR/JUPITER/ORBIT_30/JNCR_2020313_30C00017_V01.LBL,https://planetarydata.jpl.nasa.gov/img/data/juno/JNOJNC_0016/DATA/RDR/JUPITER/ORBIT_30/JNCR_2020313_30C00017_V01.IMG,e309b233b6b0d8cba5d1c7988d7c7a44,bfa0ca98e1918589b6b8f4b64b5a3273,48095232,2020-11-08T01:35:13.388,2020-11-08T01:35:27.448,1,1648,14592,JUNOMAKEPDS.PY 0.9,applied,1.0,True,full RGB; finite archive timing; individual signal and geometry assessment pending
JNCR_2020313_30M00018_V01,30,1,JNOJNC_0016,DATA/RDR/JUPITER/ORBIT_30/JNCR_2020313_30M00018_V01.LBL,https://planetarydata.jpl.nasa.gov/img/data/juno/JNOJNC_0016/DATA/RDR/JUPITER/ORBIT_30/JNCR_2020313_30M00018_V01.LBL,https://planetarydata.jpl.nasa.gov/img/data/juno/JNOJNC_0016/DATA/RDR/JUPITER/ORBIT_30/JNCR_2020313_30M00018_V01.IMG,d7075d513ec26cc011f1a5a7c4620ce3,1194c97b62c6f6b65b000519a1a6f5e0,16031744,2020-11-08T01:36:43.634,2020-11-08T01:36:57.694,1,1648,4864,JUNOMAKEPDS.PY 0.9,applied,11.0,False,outside full RGB scope
JNCR_2020313_30C00019_V01,30,1,JNOJNC_0016,DATA/RDR/JUPITER/ORBIT_30/JNCR_2020313_30C00019_V01.LBL,https://planetarydata.jpl.nasa.gov/img/data/juno/JNOJNC_0016/DATA/RDR/JUPITER/ORBIT_30/JNCR_2020313_30C00019_V01.LBL,https://planetarydata.jpl.nasa.gov/img/data/juno/JNOJNC_0016/DATA/RDR/JUPITER/ORBIT_30/JNCR_2020313_30C00019_V01.IMG,837de0a34fadaf10b3dc626fa7e870a3,9659ddfc25f3c20c15668575e65b9bf0,50626560,2020-11-08T01:37:43.533,2020-11-08T01:37:58.333,1,1648,15360,JUNOMAKEPDS.PY 0.9,applied,-5.0,True,full RGB; finite archive timing; individual signal and geometry assessment pending
JNCR_2020313_30M00020_V01,30,1,JNOJNC_0016,DATA/RDR/JUPITER/ORBIT_30/JNCR_2020313_30M00020_V01.LBL,https://planetarydata.jpl.nasa.gov/img/data/juno/JNOJNC_0016/DATA/RDR/JUPITER/ORBIT_30/JNCR_2020313_30M00020_V01.LBL,https://planetarydata.jpl.nasa.gov/img/data/juno/JNOJNC_0016/DATA/RDR/JUPITER/ORBIT_30/JNCR_2020313_30M00020_V01.IMG,21b325527d2dab8b77847e97d942a2b9,2e21c753bb6eab21127cbae05d61fa27,16875520,2020-11-08T01:39:13.818,2020-11-08T01:39:28.618,1,1648,5120,JUNOMAKEPDS.PY 0.9,applied,1.0,False,outside full RGB scope
JNCR_2020313_30C00021_V01,30,1,JNOJNC_0016,DATA/RDR/JUPITER/ORBIT_30/JNCR_2020313_30C00021_V01.LBL,https://planetarydata.jpl.nasa.gov/img/data/juno/JNOJNC_0016/DATA/RDR/JUPITER/ORBIT_30/JNCR_2020313_30C00021_V01.LBL,https://planetarydata.jpl.nasa.gov/img/data/juno/JNOJNC_0016/DATA/RDR/JUPITER/ORBIT_30/JNCR_2020313_30C00021_V01.IMG,040009d364bc2386fc7eac2bf2464ae9,5362fedadbc7f50d3de4a83314f36b08,50626560,2020-11-08T01:40:14.032,2020-11-08T01:40:28.832,1,1648,15360,JUNOMAKEPDS.PY 0.9,applied,-3.0,True,full RGB; finite archive timing; individual signal and geometry assessment pending
JNCR_2020313_30C00022_V01,30,1,JNOJNC_0016,DATA/RDR/JUPITER/ORBIT_30/JNCR_2020313_30C00022_V01.LBL,https://planetarydata.jpl.nasa.gov/img/data/juno/JNOJNC_0016/DATA/RDR/JUPITER/ORBIT_30/JNCR_2020313_30C00022_V01.LBL,https://planetarydata.jpl.nasa.gov/img/data/juno/JNOJNC_0016/DATA/RDR/JUPITER/ORBIT_30/JNCR_2020313_30C00022_V01.IMG,9b600a7d67cfd742d7aec502db136741,f86adae8e502e2f27f4bd72c605dcfcb,50626560,2020-11-08T01:42:14.489,2020-11-08T01:42:29.289,1,1648,15360,JUNOMAKEPDS.PY 0.9,applied,-1.0,True,full RGB; finite archive timing; individual signal and geometry assessment pending
JNCR_2020313_30C00023_V01,30,1,JNOJNC_0016,DATA/RDR/JUPITER/ORBIT_30/JNCR_2020313_30C00023_V01.LBL,https://planetarydata.jpl.nasa.gov/img/data/juno/JNOJNC_0016/DATA/RDR/JUPITER/ORBIT_30/JNCR_2020313_30C00023_V01.LBL,https://planetarydata.jpl.nasa.gov/img/data/juno/JNOJNC_0016/DATA/RDR/JUPITER/ORBIT_30/JNCR_2020313_30C00023_V01.IMG,05e52ca419527bebbaec01b39d129b08,ee70f635bbd40cf4535441943ff8e26d,53157888,2020-11-08T01:43:44.599,2020-11-08T01:44:00.139,1,1648,16128,JUNOMAKEPDS.PY 0.9,applied,-1.0,True,full RGB; finite archive timing; individual signal and geometry assessment pending
JNCR_2020313_30C00024_V01,30,1,JNOJNC_0016,DATA/RDR/JUPITER/ORBIT_30/JNCR_2020313_30C00024_V01.LBL,https://planetarydata.jpl.nasa.gov/img/data/juno/JNOJNC_0016/DATA/RDR/JUPITER/ORBIT_30/JNCR_2020313_30C00024_V01.LBL,https://planetarydata.jpl.nasa.gov/img/data/juno/JNOJNC_0016/DATA/RDR/JUPITER/ORBIT_30/JNCR_2020313_30C00024_V01.IMG,8ef8d56d0c85c050ad2a21cb327b3913,f26276edf9973a4c738137c9ccd21a50,53157888,2020-11-08T01:45:45.169,2020-11-08T01:46:00.709,1,1648,16128,JUNOMAKEPDS.PY 0.9,applied,-3.0,True,full RGB; finite archive timing; individual signal and geometry assessment pending
JNCR_2020313_30C00025_V01,30,1,JNOJNC_0016,DATA/RDR/JUPITER/ORBIT_30/JNCR_2020313_30C00025_V01.LBL,https://planetarydata.jpl.nasa.gov/img/data/juno/JNOJNC_0016/DATA/RDR/JUPITER/ORBIT_30/JNCR_2020313_30C00025_V01.LBL,https://planetarydata.jpl.nasa.gov/img/data/juno/JNOJNC_0016/DATA/RDR/JUPITER/ORBIT_30/JNCR_2020313_30C00025_V01.IMG,1e09801395666009d77c76fbd66df12a,4c6676750f93ef440b50407ee0151dbe,53157888,2020-11-08T01:47:45.794,2020-11-08T01:48:01.334,1,1648,16128,JUNOMAKEPDS.PY 0.9,applied,4.0,True,full RGB; finite archive timing; individual signal and geometry assessment pending
JNCR_2020313_30C00026_V01,30,1,JNOJNC_0016,DATA/RDR/JUPITER/ORBIT_30/JNCR_2020313_30C00026_V01.LBL,https://planetarydata.jpl.nasa.gov/img/data/juno/JNOJNC_0016/DATA/RDR/JUPITER/ORBIT_30/JNCR_2020313_30C00026_V01.LBL,https://planetarydata.jpl.nasa.gov/img/data/juno/JNOJNC_0016/DATA/RDR/JUPITER/ORBIT_30/JNCR_2020313_30C00026_V01.IMG,6d952141f519ef46ec458f02ba7b5c54,6f8fbb973ee35210d59692949962c4f7,53157888,2020-11-08T01:49:16.407,2020-11-08T01:49:31.947,1,1648,16128,JUNOMAKEPDS.PY 0.9,undetermined,,False,archive timing undetermined
JNCR_2020313_30C00027_V01,30,1,JNOJNC_0016,DATA/RDR/JUPITER/ORBIT_30/JNCR_2020313_30C00027_V01.LBL,https://planetarydata.jpl.nasa.gov/img/data/juno/JNOJNC_0016/DATA/RDR/JUPITER/ORBIT_30/JNCR_2020313_30C00027_V01.LBL,https://planetarydata.jpl.nasa.gov/img/data/juno/JNOJNC_0016/DATA/RDR/JUPITER/ORBIT_30/JNCR_2020313_30C00027_V01.IMG,3a2055b6980965a77f47d098d30f7b73,e7abfc4b7ec6389a01aae155e3dde903,53157888,2020-11-08T01:51:17.180,2020-11-08T01:51:32.720,1,1648,16128,JUNOMAKEPDS.PY 0.9,undetermined,,False,archive timing undetermined
JNCR_2020313_30C00028_V01,30,1,JNOJNC_0016,DATA/RDR/JUPITER/ORBIT_30/JNCR_2020313_30C00028_V01.LBL,https://planetarydata.jpl.nasa.gov/img/data/juno/JNOJNC_0016/DATA/RDR/JUPITER/ORBIT_30/JNCR_2020313_30C00028_V01.LBL,https://planetarydata.jpl.nasa.gov/img/data/juno/JNOJNC_0016/DATA/RDR/JUPITER/ORBIT_30/JNCR_2020313_30C00028_V01.IMG,d4dddc9656b71da852a11826d1cd02b1,0751673aa904c1a37f95154972843a3a,53157888,2020-11-08T01:53:18.328,2020-11-08T01:53:33.868,1,1648,16128,JUNOMAKEPDS.PY 0.9,undetermined,,False,archive timing undetermined
JNCR_2020313_30C00029_V01,30,1,JNOJNC_0016,DATA/RDR/JUPITER/ORBIT_30/JNCR_2020313_30C00029_V01.LBL,https://planetarydata.jpl.nasa.gov/img/data/juno/JNOJNC_0016/DATA/RDR/JUPITER/ORBIT_30/JNCR_2020313_30C00029_V01.LBL,https://planetarydata.jpl.nasa.gov/img/data/juno/JNOJNC_0016/DATA/RDR/JUPITER/ORBIT_30/JNCR_2020313_30C00029_V01.IMG,b3c991e6f416c82cfa5ba98c88e8d7c8,723b2761927daa788b4f2f32183ac3c5,53157888,2020-11-08T01:55:19.590,2020-11-08T01:55:35.130,1,1648,16128,JUNOMAKEPDS.PY 0.9,undetermined,,False,archive timing undetermined
JNCR_2020313_30C00030_V01,30,1,JNOJNC_0016,DATA/RDR/JUPITER/ORBIT_30/JNCR_2020313_30C00030_V01.LBL,https://planetarydata.jpl.nasa.gov/img/data/juno/JNOJNC_0016/DATA/RDR/JUPITER/ORBIT_30/JNCR_2020313_30C00030_V01.LBL,https://planetarydata.jpl.nasa.gov/img/data/juno/JNOJNC_0016/DATA/RDR/JUPITER/ORBIT_30/JNCR_2020313_30C00030_V01.IMG,58d57c980cd5867534e8e1d77ece7ca8,ced7821e2d2456ce290f122971dc3734,53157888,2020-11-08T01:57:21.047,2020-11-08T01:57:36.587,1,1648,16128,JUNOMAKEPDS.PY 0.9,undetermined,,False,archive timing undetermined
JNCR_2020313_30M00031_V01,30,1,JNOJNC_0016,DATA/RDR/JUPITER/ORBIT_30/JNCR_2020313_30M00031_V01.LBL,https://planetarydata.jpl.nasa.gov/img/data/juno/JNOJNC_0016/DATA/RDR/JUPITER/ORBIT_30/JNCR_2020313_30M00031_V01.LBL,https://planetarydata.jpl.nasa.gov/img/data/juno/JNOJNC_0016/DATA/RDR/JUPITER/ORBIT_30/JNCR_2020313_30M00031_V01.IMG,e6109568ed28409a4780fd76b4e4d0a7,1b14ceec1e663d986f50cc07526fe81c,17719296,2020-11-08T01:58:52.183,2020-11-08T01:59:07.891,1,1648,5376,JUNOMAKEPDS.PY 0.9,undetermined,,False,outside full RGB scope; archive timing undetermined
JNCR_2020313_30C00032_V01,30,1,JNOJNC_0016,DATA/RDR/JUPITER/ORBIT_30/JNCR_2020313_30C00032_V01.LBL,https://planetarydata.jpl.nasa.gov/img/data/juno/JNOJNC_0016/DATA/RDR/JUPITER/ORBIT_30/JNCR_2020313_30C00032_V01.LBL,https://planetarydata.jpl.nasa.gov/img/data/juno/JNOJNC_0016/DATA/RDR/JUPITER/ORBIT_30/JNCR_2020313_30C00032_V01.IMG,da20ce9ed1043d9c765b01cb751c201f,1a249c849fada8ae33acde47b9f9c5ac,53157888,2020-11-08T01:59:52.937,2020-11-08T02:00:08.477,1,1648,16128,JUNOMAKEPDS.PY 0.9,undetermined,,False,archive timing undetermined
JNCR_2020313_30C00033_V01,30,1,JNOJNC_0016,DATA/RDR/JUPITER/ORBIT_30/JNCR_2020313_30C00033_V01.LBL,https://planetarydata.jpl.nasa.gov/img/data/juno/JNOJNC_0016/DATA/RDR/JUPITER/ORBIT_30/JNCR_2020313_30C00033_V01.LBL,https://planetarydata.jpl.nasa.gov/img/data/juno/JNOJNC_0016/DATA/RDR/JUPITER/ORBIT_30/JNCR_2020313_30C00033_V01.IMG,e02fa3179bbc13c38a9825c3a7d649a7,5ce878757ab698d7bc71325db94e03d4,50626560,2020-11-08T02:01:24.589,2020-11-08T02:01:39.389,1,1648,15360,JUNOMAKEPDS.PY 0.9,undetermined,,False,archive timing undetermined
JNCR_2020313_30C00034_V01,30,1,JNOJNC_0016,DATA/RDR/JUPITER/ORBIT_30/JNCR_2020313_30C00034_V01.LBL,https://planetarydata.jpl.nasa.gov/img/data/juno/JNOJNC_0016/DATA/RDR/JUPITER/ORBIT_30/JNCR_2020313_30C00034_V01.LBL,https://planetarydata.jpl.nasa.gov/img/data/juno/JNOJNC_0016/DATA/RDR/JUPITER/ORBIT_30/JNCR_2020313_30C00034_V01.IMG,3ec0dc47b164672ada721bf32ff873c8,23ea2a0a845d7b96fb4092c94b94e076,50626560,2020-11-08T02:03:25.796,2020-11-08T02:03:40.596,1,1648,15360,JUNOMAKEPDS.PY 0.9,undetermined,,False,archive timing undetermined
JNCR_2020313_30C00035_V01,30,1,JNOJNC_0016,DATA/RDR/JUPITER/ORBIT_30/JNCR_2020313_30C00035_V01.LBL,https://planetarydata.jpl.nasa.gov/img/data/juno/JNOJNC_0016/DATA/RDR/JUPITER/ORBIT_30/JNCR_2020313_30C00035_V01.LBL,https://planetarydata.jpl.nasa.gov/img/data/juno/JNOJNC_0016/DATA/RDR/JUPITER/ORBIT_30/JNCR_2020313_30C00035_V01.IMG,4e4c30ae0d8baca4797f74c423d5d21e,88a0f28f1c316cbf87bbc575630e7cdd,50626560,2020-11-08T02:05:26.847,2020-11-08T02:05:41.647,1,1648,15360,JUNOMAKEPDS.PY 0.9,undetermined,,False,archive timing undetermined
JNCR_2020313_30C00036_V01,30,1,JNOJNC_0016,DATA/RDR/JUPITER/ORBIT_30/JNCR_2020313_30C00036_V01.LBL,https://planetarydata.jpl.nasa.gov/img/data/juno/JNOJNC_0016/DATA/RDR/JUPITER/ORBIT_30/JNCR_2020313_30C00036_V01.LBL,https://planetarydata.jpl.nasa.gov/img/data/juno/JNOJNC_0016/DATA/RDR/JUPITER/ORBIT_30/JNCR_2020313_30C00036_V01.IMG,7e5cd461e07b1e9660de1af4cbcd4634,95bbfe13fdba3a003c22cc32211efcd2,48095232,2020-11-08T02:07:28.128,2020-11-08T02:07:42.188,1,1648,14592,JUNOMAKEPDS.PY 0.9,undetermined,,False,archive timing undetermined
JNCR_2020313_30C00037_V01,30,1,JNOJNC_0016,DATA/RDR/JUPITER/ORBIT_30/JNCR_2020313_30C00037_V01.LBL,https://planetarydata.jpl.nasa.gov/img/data/juno/JNOJNC_0016/DATA/RDR/JUPITER/ORBIT_30/JNCR_2020313_30C00037_V01.LBL,https://planetarydata.jpl.nasa.gov/img/data/juno/JNOJNC_0016/DATA/RDR/JUPITER/ORBIT_30/JNCR_2020313_30C00037_V01.IMG,9ead4b9aa5212a5689c74c26c1b0a53f,7c98871768945543db3489b3b819b8b3,48095232,2020-11-08T02:09:59.034,2020-11-08T02:10:13.094,1,1648,14592,JUNOMAKEPDS.PY 0.9,undetermined,,False,archive timing undetermined
JNCR_2020313_30C00038_V01,30,1,JNOJNC_0016,DATA/RDR/JUPITER/ORBIT_30/JNCR_2020313_30C00038_V01.LBL,https://planetarydata.jpl.nasa.gov/img/data/juno/JNOJNC_0016/DATA/RDR/JUPITER/ORBIT_30/JNCR_2020313_30C00038_V01.LBL,https://planetarydata.jpl.nasa.gov/img/data/juno/JNOJNC_0016/DATA/RDR/JUPITER/ORBIT_30/JNCR_2020313_30C00038_V01.IMG,6bcc989c8bc91d70207d03bb821868f8,af75fe009e5799803b644ac80e1e680c,45563904,2020-11-08T02:12:30.143,2020-11-08T02:12:43.463,1,1648,13824,JUNOMAKEPDS.PY 0.9,undetermined,,False,archive timing undetermined
JNCR_2020313_30C00039_V01,30,1,JNOJNC_0016,DATA/RDR/JUPITER/ORBIT_30/JNCR_2020313_30C00039_V01.LBL,https://planetarydata.jpl.nasa.gov/img/data/juno/JNOJNC_0016/DATA/RDR/JUPITER/ORBIT_30/JNCR_2020313_30C00039_V01.LBL,https://planetarydata.jpl.nasa.gov/img/data/juno/JNOJNC_0016/DATA/RDR/JUPITER/ORBIT_30/JNCR_2020313_30C00039_V01.IMG,af407d04fc2e27a9611c7f1e77e1adfd,29d6bb863ae70ee7d4fb4d1e77ab9b9e,45563904,2020-11-08T02:15:30.920,2020-11-08T02:15:44.240,1,1648,13824,JUNOMAKEPDS.PY 0.9,applied,4.0,True,full RGB; finite archive timing; individual signal and geometry assessment pending
JNCR_2020313_30C00040_V01,30,1,JNOJNC_0016,DATA/RDR/JUPITER/ORBIT_30/JNCR_2020313_30C00040_V01.LBL,https://planetarydata.jpl.nasa.gov/img/data/juno/JNOJNC_0016/DATA/RDR/JUPITER/ORBIT_30/JNCR_2020313_30C00040_V01.LBL,https://planetarydata.jpl.nasa.gov/img/data/juno/JNOJNC_0016/DATA/RDR/JUPITER/ORBIT_30/JNCR_2020313_30C00040_V01.IMG,3e8b3da8a75b25a39701082dda1a9388,6054a2b8ddc2a40375baadddd31d73dc,43032576,2020-11-08T02:18:31.983,2020-11-08T02:18:44.563,1,1648,13056,JUNOMAKEPDS.PY 0.9,applied,4.0,True,full RGB; finite archive timing; individual signal and geometry assessment pending
JNCR_2020313_30C00041_V01,30,1,JNOJNC_0016,DATA/RDR/JUPITER/ORBIT_30/JNCR_2020313_30C00041_V01.LBL,https://planetarydata.jpl.nasa.gov/img/data/juno/JNOJNC_0016/DATA/RDR/JUPITER/ORBIT_30/JNCR_2020313_30C00041_V01.LBL,https://planetarydata.jpl.nasa.gov/img/data/juno/JNOJNC_0016/DATA/RDR/JUPITER/ORBIT_30/JNCR_2020313_30C00041_V01.IMG,59cb2a1732cb0a72b1881c63f6bd96da,d446a4872cc6dce36b4604e8162e0c84,40501248,2020-11-08T02:22:03.096,2020-11-08T02:22:14.936,1,1648,12288,JUNOMAKEPDS.PY 0.9,applied,1.0,True,full RGB; finite archive timing; individual signal and geometry assessment pending
JNCR_2020313_30C00042_V01,30,1,JNOJNC_0016,DATA/RDR/JUPITER/ORBIT_30/JNCR_2020313_30C00042_V01.LBL,https://planetarydata.jpl.nasa.gov/img/data/juno/JNOJNC_0016/DATA/RDR/JUPITER/ORBIT_30/JNCR_2020313_30C00042_V01.LBL,https://planetarydata.jpl.nasa.gov/img/data/juno/JNOJNC_0016/DATA/RDR/JUPITER/ORBIT_30/JNCR_2020313_30C00042_V01.IMG,cc84f2ed825c24e2924746a05242c20e,1f1b0b2a50198ede2c7dd64fec44a1f9,37969920,2020-11-08T02:26:04.209,2020-11-08T02:26:15.309,1,1648,11520,JUNOMAKEPDS.PY 0.9,applied,4.0,True,full RGB; finite archive timing; individual signal and geometry assessment pending
JNCR_2020313_30C00043_V01,30,1,JNOJNC_0016,DATA/RDR/JUPITER/ORBIT_30/JNCR_2020313_30C00043_V01.LBL,https://planetarydata.jpl.nasa.gov/img/data/juno/JNOJNC_0016/DATA/RDR/JUPITER/ORBIT_30/JNCR_2020313_30C00043_V01.LBL,https://planetarydata.jpl.nasa.gov/img/data/juno/JNOJNC_0016/DATA/RDR/JUPITER/ORBIT_30/JNCR_2020313_30C00043_V01.IMG,b63ab575a8f54fc1e030d5ab2ba03124,5298c77ede938a7f05c7b287f8aebf6c,35438592,2020-11-08T02:30:05.369,2020-11-08T02:30:15.729,1,1648,10752,JUNOMAKEPDS.PY 0.9,applied,2.0,True,full RGB; finite archive timing; individual signal and geometry assessment pending
JNCR_2020313_30C00044_V01,30,1,JNOJNC_0016,DATA/RDR/JUPITER/ORBIT_30/JNCR_2020313_30C00044_V01.LBL,https://planetarydata.jpl.nasa.gov/img/data/juno/JNOJNC_0016/DATA/RDR/JUPITER/ORBIT_30/JNCR_2020313_30C00044_V01.LBL,https://planetarydata.jpl.nasa.gov/img/data/juno/JNOJNC_0016/DATA/RDR/JUPITER/ORBIT_30/JNCR_2020313_30C00044_V01.IMG,fd0f9f3b56f41c420095ebd123673cb7,aec4d83360e2dc3d38168e94253b3207,35438592,2020-11-08T02:35:06.142,2020-11-08T02:35:16.502,1,1648,10752,JUNOMAKEPDS.PY 0.9,no_shift_needed,0.0,True,full RGB; finite archive timing; individual signal and geometry assessment pending
JNCR_2020313_30C00045_V01,30,1,JNOJNC_0016,DATA/RDR/JUPITER/ORBIT_30/JNCR_2020313_30C00045_V01.LBL,https://planetarydata.jpl.nasa.gov/img/data/juno/JNOJNC_0016/DATA/RDR/JUPITER/ORBIT_30/JNCR_2020313_30C00045_V01.LBL,https://planetarydata.jpl.nasa.gov/img/data/juno/JNOJNC_0016/DATA/RDR/JUPITER/ORBIT_30/JNCR_2020313_30C00045_V01.IMG,78bd94e0d53fc92139b02798dc466001,c9885b2204fb90e98d3c84d70e9bb7c9,32907264,2020-11-08T02:40:07.352,2020-11-08T02:40:16.972,1,1648,9984,JUNOMAKEPDS.PY 0.9,no_shift_needed,0.0,True,full RGB; finite archive timing; individual signal and geometry assessment pending
JNCR_2020313_30C00046_V01,30,1,JNOJNC_0016,DATA/RDR/JUPITER/ORBIT_30/JNCR_2020313_30C00046_V01.LBL,https://planetarydata.jpl.nasa.gov/img/data/juno/JNOJNC_0016/DATA/RDR/JUPITER/ORBIT_30/JNCR_2020313_30C00046_V01.LBL,https://planetarydata.jpl.nasa.gov/img/data/juno/JNOJNC_0016/DATA/RDR/JUPITER/ORBIT_30/JNCR_2020313_30C00046_V01.IMG,6f87a49138058fc98109632d20cb6308,267de32d10baeb96e680085131ea22d8,30375936,2020-11-08T02:48:08.961,2020-11-08T02:48:17.841,1,1648,9216,JUNOMAKEPDS.PY 0.9,applied,5.0,True,full RGB; finite archive timing; individual signal and geometry assessment pending
JNCR_2020313_30C00047_V01,30,1,JNOJNC_0016,DATA/RDR/JUPITER/ORBIT_30/JNCR_2020313_30C00047_V01.LBL,https://planetarydata.jpl.nasa.gov/img/data/juno/JNOJNC_0016/DATA/RDR/JUPITER/ORBIT_30/JNCR_2020313_30C00047_V01.LBL,https://planetarydata.jpl.nasa.gov/img/data/juno/JNOJNC_0016/DATA/RDR/JUPITER/ORBIT_30/JNCR_2020313_30C00047_V01.IMG,9b487857f75e992708c69a06adf1729a,9cc51d1b979622d6ace345dba7d2a448,27844608,2020-11-08T02:56:10.554,2020-11-08T02:56:18.694,1,1648,8448,JUNOMAKEPDS.PY 0.9,no_shift_needed,0.0,True,full RGB; finite archive timing; individual signal and geometry assessment pending
JNCR_2020313_30C00048_V01,30,1,JNOJNC_0016,DATA/RDR/JUPITER/ORBIT_30/JNCR_2020313_30C00048_V01.LBL,https://planetarydata.jpl.nasa.gov/img/data/juno/JNOJNC_0016/DATA/RDR/JUPITER/ORBIT_30/JNCR_2020313_30C00048_V01.LBL,https://planetarydata.jpl.nasa.gov/img/data/juno/JNOJNC_0016/DATA/RDR/JUPITER/ORBIT_30/JNCR_2020313_30C00048_V01.IMG,72817b3afb8fae03872db5c49d5a2438,e0749be5c3fe04447c7c61a40998ddae,25313280,2020-11-08T03:04:12.010,2020-11-08T03:04:19.410,1,1648,7680,JUNOMAKEPDS.PY 0.9,applied,6.0,True,full RGB; finite archive timing; individual signal and geometry assessment pending
JNCR_2020313_30M00049_V01,30,1,JNOJNC_0016,DATA/RDR/JUPITER/ORBIT_30/JNCR_2020313_30M00049_V01.LBL,https://planetarydata.jpl.nasa.gov/img/data/juno/JNOJNC_0016/DATA/RDR/JUPITER/ORBIT_30/JNCR_2020313_30M00049_V01.LBL,https://planetarydata.jpl.nasa.gov/img/data/juno/JNOJNC_0016/DATA/RDR/JUPITER/ORBIT_30/JNCR_2020313_30M00049_V01.IMG,4d22d277dbe89f667ab1420d1418bce4,627ff87b54ff414ee852b02a5d0500e2,8437760,2020-11-08T03:05:12.171,2020-11-08T03:05:19.571,1,1648,2560,JUNOMAKEPDS.PY 0.9,applied,10.0,False,outside full RGB scope
JNCR_2020313_30C00050_V01,30,1,JNOJNC_0016,DATA/RDR/JUPITER/ORBIT_30/JNCR_2020313_30C00050_V01.LBL,https://planetarydata.jpl.nasa.gov/img/data/juno/JNOJNC_0016/DATA/RDR/JUPITER/ORBIT_30/JNCR_2020313_30C00050_V01.LBL,https://planetarydata.jpl.nasa.gov/img/data/juno/JNOJNC_0016/DATA/RDR/JUPITER/ORBIT_30/JNCR_2020313_30C00050_V01.IMG,bc6f0a090fdb9fb47c960d9384db8fa4,a50d169c835f036819e2aaebf7eed8cc,25313280,2020-11-08T03:12:13.205,2020-11-08T03:12:20.605,1,1648,7680,JUNOMAKEPDS.PY 0.9,applied,-1.0,True,full RGB; finite archive timing; individual signal and geometry assessment pending
JNCR_2020313_30C00051_V01,30,1,JNOJNC_0016,DATA/RDR/JUPITER/ORBIT_30/JNCR_2020313_30C00051_V01.LBL,https://planetarydata.jpl.nasa.gov/img/data/juno/JNOJNC_0016/DATA/RDR/JUPITER/ORBIT_30/JNCR_2020313_30C00051_V01.LBL,https://planetarydata.jpl.nasa.gov/img/data/juno/JNOJNC_0016/DATA/RDR/JUPITER/ORBIT_30/JNCR_2020313_30C00051_V01.IMG,0c33b1894b4fac6b9267a181a2aadda2,48e886aa4fee2826c50cb9076643169d,22781952,2020-11-08T03:19:44.673,2020-11-08T03:19:51.333,1,1648,6912,JUNOMAKEPDS.PY 0.9,applied,23.0,True,full RGB; finite archive timing; individual signal and geometry assessment pending
JNCR_2020313_30M00052_V01,30,1,JNOJNC_0016,DATA/RDR/JUPITER/ORBIT_30/JNCR_2020313_30M00052_V01.LBL,https://planetarydata.jpl.nasa.gov/img/data/juno/JNOJNC_0016/DATA/RDR/JUPITER/ORBIT_30/JNCR_2020313_30M00052_V01.LBL,https://planetarydata.jpl.nasa.gov/img/data/juno/JNOJNC_0016/DATA/RDR/JUPITER/ORBIT_30/JNCR_2020313_30M00052_V01.IMG,893a1b7752227e36d6a9fcafae2a401a,5ec39f3752e0b4f749a16cac8ff418ad,7593984,2020-11-08T03:20:44.833,2020-11-08T03:20:51.493,1,1648,2304,JUNOMAKEPDS.PY 0.9,applied,5.0,False,outside full RGB scope
JNCR_2021159_34R00035_V01,34,1,JNOJNC_0018,DATA/RDR/JUPITER/ORBIT_34/JNCR_2021159_34R00035_V01.LBL,https://planetarydata.jpl.nasa.gov/img/data/juno/JNOJNC_0018/DATA/RDR/JUPITER/ORBIT_34/JNCR_2021159_34R00035_V01.LBL,https://planetarydata.jpl.nasa.gov/img/data/juno/JNOJNC_0018/DATA/RDR/JUPITER/ORBIT_34/JNCR_2021159_34R00035_V01.IMG,ef5043bb3aa48d47d67a09ec2a8e251f,4b5c48a7176d74ab3a2249802f49f692,8437760,2021-06-08T06:28:32.064,2021-06-08T06:28:39.484,1,1648,2560,JUNOMAKEPDS.PY 0.10,absent,,False,outside full RGB scope; archive timing absent
JNCR_2021159_34C00036_V01,34,1,JNOJNC_0018,DATA/RDR/JUPITER/ORBIT_34/JNCR_2021159_34C00036_V01.LBL,https://planetarydata.jpl.nasa.gov/img/data/juno/JNOJNC_0018/DATA/RDR/JUPITER/ORBIT_34/JNCR_2021159_34C00036_V01.LBL,https://planetarydata.jpl.nasa.gov/img/data/juno/JNOJNC_0018/DATA/RDR/JUPITER/ORBIT_34/JNCR_2021159_34C00036_V01.IMG,b72870f03336c8048916aa51fae822c5,d0d92df579faaf42728dd287aa5ab12e,27844608,2021-06-08T06:46:05.387,2021-06-08T06:46:13.549,1,1648,8448,JUNOMAKEPDS.PY 0.10,no_shift_needed,0.0,True,full RGB; finite archive timing; individual signal and geometry assessment pending
JNCR_2021159_34C00037_V01,34,1,JNOJNC_0018,DATA/RDR/JUPITER/ORBIT_34/JNCR_2021159_34C00037_V01.LBL,https://planetarydata.jpl.nasa.gov/img/data/juno/JNOJNC_0018/DATA/RDR/JUPITER/ORBIT_34/JNCR_2021159_34C00037_V01.LBL,https://planetarydata.jpl.nasa.gov/img/data/juno/JNOJNC_0018/DATA/RDR/JUPITER/ORBIT_34/JNCR_2021159_34C00037_V01.IMG,ec4c5b2cf3df5b4e2a607e85a2d9a26c,bcea49645e4d1a1d1eae3bb4435a0d1e,30375936,2021-06-08T06:50:05.864,2021-06-08T06:50:14.768,1,1648,9216,JUNOMAKEPDS.PY 0.10,applied,1.0,True,full RGB; finite archive timing; individual signal and geometry assessment pending
JNCR_2021159_34C00038_V01,34,1,JNOJNC_0018,DATA/RDR/JUPITER/ORBIT_34/JNCR_2021159_34C00038_V01.LBL,https://planetarydata.jpl.nasa.gov/img/data/juno/JNOJNC_0018/DATA/RDR/JUPITER/ORBIT_34/JNCR_2021159_34C00038_V01.LBL,https://planetarydata.jpl.nasa.gov/img/data/juno/JNOJNC_0018/DATA/RDR/JUPITER/ORBIT_34/JNCR_2021159_34C00038_V01.IMG,56c1425bb2716dc951652948da28799e,7a65e8fb645b8269f71a2a0a85bed2a7,30375936,2021-06-08T06:54:06.793,2021-06-08T06:54:15.697,1,1648,9216,JUNOMAKEPDS.PY 0.10,applied,7.0,True,full RGB; finite archive timing; individual signal and geometry assessment pending
JNCR_2021159_34C00039_V01,34,1,JNOJNC_0018,DATA/RDR/JUPITER/ORBIT_34/JNCR_2021159_34C00039_V01.LBL,https://planetarydata.jpl.nasa.gov/img/data/juno/JNOJNC_0018/DATA/RDR/JUPITER/ORBIT_34/JNCR_2021159_34C00039_V01.LBL,https://planetarydata.jpl.nasa.gov/img/data/juno/JNOJNC_0018/DATA/RDR/JUPITER/ORBIT_34/JNCR_2021159_34C00039_V01.IMG,09b8c7f3a644472196e1c3f39f7a3057,3cc47ac1eed868677941bf8620eae557,32907264,2021-06-08T06:58:07.308,2021-06-08T06:58:16.954,1,1648,9984,JUNOMAKEPDS.PY 0.10,applied,5.0,True,full RGB; finite archive timing; individual signal and geometry assessment pending
JNCR_2021159_34C00040_V01,34,1,JNOJNC_0018,DATA/RDR/JUPITER/ORBIT_34/JNCR_2021159_34C00040_V01.LBL,https://planetarydata.jpl.nasa.gov/img/data/juno/JNOJNC_0018/DATA/RDR/JUPITER/ORBIT_34/JNCR_2021159_34C00040_V01.LBL,https://planetarydata.jpl.nasa.gov/img/data/juno/JNOJNC_0018/DATA/RDR/JUPITER/ORBIT_34/JNCR_2021159_34C00040_V01.IMG,e5ef7fba478454627ffd21950fec482c,6eb7ba12ff4903171085260dcec15e78,35438592,2021-06-08T07:02:07.886,2021-06-08T07:02:18.274,1,1648,10752,JUNOMAKEPDS.PY 0.10,no_shift_needed,0.0,True,full RGB; finite archive timing; individual signal and geometry assessment pending
JNCR_2021159_34C00041_V01,34,1,JNOJNC_0018,DATA/RDR/JUPITER/ORBIT_34/JNCR_2021159_34C00041_V01.LBL,https://planetarydata.jpl.nasa.gov/img/data/juno/JNOJNC_0018/DATA/RDR/JUPITER/ORBIT_34/JNCR_2021159_34C00041_V01.LBL,https://planetarydata.jpl.nasa.gov/img/data/juno/JNOJNC_0018/DATA/RDR/JUPITER/ORBIT_34/JNCR_2021159_34C00041_V01.IMG,f7f20b22cabdec02e82ee3d5bda5bc4c,a9211a8042dc982f6e33b120d0f930f6,35438592,2021-06-08T07:06:08.749,2021-06-08T07:06:19.137,1,1648,10752,JUNOMAKEPDS.PY 0.10,applied,-1.0,True,full RGB; finite archive timing; individual signal and geometry assessment pending
JNCR_2021159_34C00042_V01,34,1,JNOJNC_0018,DATA/RDR/JUPITER/ORBIT_34/JNCR_2021159_34C00042_V01.LBL,https://planetarydata.jpl.nasa.gov/img/data/juno/JNOJNC_0018/DATA/RDR/JUPITER/ORBIT_34/JNCR_2021159_34C00042_V01.LBL,https://planetarydata.jpl.nasa.gov/img/data/juno/JNOJNC_0018/DATA/RDR/JUPITER/ORBIT_34/JNCR_2021159_34C00042_V01.IMG,b15e295305b45136c802ff085aade0ca,5426cbb501ee033b9f04a5b0a22feb80,37969920,2021-06-08T07:10:09.362,2021-06-08T07:10:20.492,1,1648,11520,JUNOMAKEPDS.PY 0.10,applied,-1.0,True,full RGB; finite archive timing; individual signal and geometry assessment pending
JNCR_2021159_34C00043_V01,34,1,JNOJNC_0018,DATA/RDR/JUPITER/ORBIT_34/JNCR_2021159_34C00043_V01.LBL,https://planetarydata.jpl.nasa.gov/img/data/juno/JNOJNC_0018/DATA/RDR/JUPITER/ORBIT_34/JNCR_2021159_34C00043_V01.LBL,https://planetarydata.jpl.nasa.gov/img/data/juno/JNOJNC_0018/DATA/RDR/JUPITER/ORBIT_34/JNCR_2021159_34C00043_V01.IMG,929b0c5092ccfa2fe3f806ecdf284f4f,1022bb17e60066365ab0a0e5dc6d6dbc,40501248,2021-06-08T07:14:09.991,2021-06-08T07:14:21.863,1,1648,12288,JUNOMAKEPDS.PY 0.10,applied,-3.0,True,full RGB; finite archive timing; individual signal and geometry assessment pending
JNCR_2021159_34C00044_V01,34,1,JNOJNC_0018,DATA/RDR/JUPITER/ORBIT_34/JNCR_2021159_34C00044_V01.LBL,https://planetarydata.jpl.nasa.gov/img/data/juno/JNOJNC_0018/DATA/RDR/JUPITER/ORBIT_34/JNCR_2021159_34C00044_V01.LBL,https://planetarydata.jpl.nasa.gov/img/data/juno/JNOJNC_0018/DATA/RDR/JUPITER/ORBIT_34/JNCR_2021159_34C00044_V01.IMG,1da1714f488c2d35afb45c0536a91ec6,48d22ff488afe4fa165b62625c089dd8,43032576,2021-06-08T07:18:40.889,2021-06-08T07:18:53.503,1,1648,13056,JUNOMAKEPDS.PY 0.10,no_shift_needed,0.0,True,full RGB; finite archive timing; individual signal and geometry assessment pending
JNCR_2021159_34M00045_V01,34,1,JNOJNC_0018,DATA/RDR/JUPITER/ORBIT_34/JNCR_2021159_34M00045_V01.LBL,https://planetarydata.jpl.nasa.gov/img/data/juno/JNOJNC_0018/DATA/RDR/JUPITER/ORBIT_34/JNCR_2021159_34M00045_V01.LBL,https://planetarydata.jpl.nasa.gov/img/data/juno/JNOJNC_0018/DATA/RDR/JUPITER/ORBIT_34/JNCR_2021159_34M00045_V01.IMG,00142a68b53fa1e56bb7e1706e4f228f,f8085bd79c1c518bda4c80c082f40a8f,14344192,2021-06-08T07:20:11.256,2021-06-08T07:20:23.870,1,1648,4352,JUNOMAKEPDS.PY 0.10,applied,12.0,False,outside full RGB scope
JNCR_2021159_34C00046_V01,34,1,JNOJNC_0018,DATA/RDR/JUPITER/ORBIT_34/JNCR_2021159_34C00046_V01.LBL,https://planetarydata.jpl.nasa.gov/img/data/juno/JNOJNC_0018/DATA/RDR/JUPITER/ORBIT_34/JNCR_2021159_34C00046_V01.LBL,https://planetarydata.jpl.nasa.gov/img/data/juno/JNOJNC_0018/DATA/RDR/JUPITER/ORBIT_34/JNCR_2021159_34C00046_V01.IMG,2ab62178e9f707f7873ae742b6f75e6c,45eb718543403026c7f61682887adda5,43032576,2021-06-08T07:21:11.693,2021-06-08T07:21:24.307,1,1648,13056,JUNOMAKEPDS.PY 0.10,applied,1.0,True,full RGB; finite archive timing; individual signal and geometry assessment pending
JNCR_2021159_34C00047_V01,34,1,JNOJNC_0018,DATA/RDR/JUPITER/ORBIT_34/JNCR_2021159_34C00047_V01.LBL,https://planetarydata.jpl.nasa.gov/img/data/juno/JNOJNC_0018/DATA/RDR/JUPITER/ORBIT_34/JNCR_2021159_34C00047_V01.LBL,https://planetarydata.jpl.nasa.gov/img/data/juno/JNOJNC_0018/DATA/RDR/JUPITER/ORBIT_34/JNCR_2021159_34C00047_V01.IMG,05f2be4a54dc88ab228381e343597aef,d8c25d502208fd2acac5befd180864f4,43032576,2021-06-08T07:22:42.080,2021-06-08T07:22:54.694,1,1648,13056,JUNOMAKEPDS.PY 0.10,applied,8.0,True,full RGB; finite archive timing; individual signal and geometry assessment pending
JNCR_2021159_34C00048_V01,34,1,JNOJNC_0018,DATA/RDR/JUPITER/ORBIT_34/JNCR_2021159_34C00048_V01.LBL,https://planetarydata.jpl.nasa.gov/img/data/juno/JNOJNC_0018/DATA/RDR/JUPITER/ORBIT_34/JNCR_2021159_34C00048_V01.LBL,https://planetarydata.jpl.nasa.gov/img/data/juno/JNOJNC_0018/DATA/RDR/JUPITER/ORBIT_34/JNCR_2021159_34C00048_V01.IMG,7fc80cd3b9cd6cd762b75f9abeec4fa3,35f3e7f0d7541a341b3565f7698267c8,45563904,2021-06-08T07:25:12.490,2021-06-08T07:25:25.846,1,1648,13824,JUNOMAKEPDS.PY 0.10,applied,7.0,True,full RGB; finite archive timing; individual signal and geometry assessment pending
JNCR_2021159_34M00049_V01,34,1,JNOJNC_0018,DATA/RDR/JUPITER/ORBIT_34/JNCR_2021159_34M00049_V01.LBL,https://planetarydata.jpl.nasa.gov/img/data/juno/JNOJNC_0018/DATA/RDR/JUPITER/ORBIT_34/JNCR_2021159_34M00049_V01.LBL,https://planetarydata.jpl.nasa.gov/img/data/juno/JNOJNC_0018/DATA/RDR/JUPITER/ORBIT_34/JNCR_2021159_34M00049_V01.IMG,42c617ef2081f457b8674171afcff54b,f078f57b9848c64f0f9db664ff108d90,15187968,2021-06-08T07:26:42.853,2021-06-08T07:26:56.209,1,1648,4608,JUNOMAKEPDS.PY 0.10,applied,8.0,False,outside full RGB scope
JNCR_2021159_34C00050_V01,34,1,JNOJNC_0018,DATA/RDR/JUPITER/ORBIT_34/JNCR_2021159_34C00050_V01.LBL,https://planetarydata.jpl.nasa.gov/img/data/juno/JNOJNC_0018/DATA/RDR/JUPITER/ORBIT_34/JNCR_2021159_34C00050_V01.LBL,https://planetarydata.jpl.nasa.gov/img/data/juno/JNOJNC_0018/DATA/RDR/JUPITER/ORBIT_34/JNCR_2021159_34C00050_V01.IMG,a83b15b3c05987362a1c655de9d3664c,aa1c60a3367a9745414bfabf54e2148d,48095232,2021-06-08T07:28:13.040,2021-06-08T07:28:27.138,1,1648,14592,JUNOMAKEPDS.PY 0.10,applied,6.0,True,full RGB; finite archive timing; individual signal and geometry assessment pending
JNCR_2021159_34C00051_V01,34,1,JNOJNC_0018,DATA/RDR/JUPITER/ORBIT_34/JNCR_2021159_34C00051_V01.LBL,https://planetarydata.jpl.nasa.gov/img/data/juno/JNOJNC_0018/DATA/RDR/JUPITER/ORBIT_34/JNCR_2021159_34C00051_V01.LBL,https://planetarydata.jpl.nasa.gov/img/data/juno/JNOJNC_0018/DATA/RDR/JUPITER/ORBIT_34/JNCR_2021159_34C00051_V01.IMG,2c5b25b7a5b4f743723edd221f355473,50b4009c12fd89748535d7c27391bb04,48095232,2021-06-08T07:31:14.083,2021-06-08T07:31:28.181,1,1648,14592,JUNOMAKEPDS.PY 0.10,applied,-2.0,True,full RGB; finite archive timing; individual signal and geometry assessment pending
JNCR_2021159_34M00052_V01,34,1,JNOJNC_0018,DATA/RDR/JUPITER/ORBIT_34/JNCR_2021159_34M00052_V01.LBL,https://planetarydata.jpl.nasa.gov/img/data/juno/JNOJNC_0018/DATA/RDR/JUPITER/ORBIT_34/JNCR_2021159_34M00052_V01.LBL,https://planetarydata.jpl.nasa.gov/img/data/juno/JNOJNC_0018/DATA/RDR/JUPITER/ORBIT_34/JNCR_2021159_34M00052_V01.IMG,ec43ac83f2647fd941f426866a83bccc,27fd02a6f75aad78b9fca4fa47bb9cd6,16031744,2021-06-08T07:32:44.528,2021-06-08T07:32:58.626,1,1648,4864,JUNOMAKEPDS.PY 0.10,applied,8.0,False,outside full RGB scope
JNCR_2021159_34C00053_V01,34,1,JNOJNC_0018,DATA/RDR/JUPITER/ORBIT_34/JNCR_2021159_34C00053_V01.LBL,https://planetarydata.jpl.nasa.gov/img/data/juno/JNOJNC_0018/DATA/RDR/JUPITER/ORBIT_34/JNCR_2021159_34C00053_V01.LBL,https://planetarydata.jpl.nasa.gov/img/data/juno/JNOJNC_0018/DATA/RDR/JUPITER/ORBIT_34/JNCR_2021159_34C00053_V01.IMG,f584b5288de6aad774f8d3af84ca1548,533172494d4397ff9d24963443480d5d,50626560,2021-06-08T07:34:14.809,2021-06-08T07:34:29.649,1,1648,15360,JUNOMAKEPDS.PY 0.10,applied,8.0,True,full RGB; finite archive timing; individual signal and geometry assessment pending
JNCR_2021159_34C00054_V01,34,1,JNOJNC_0018,DATA/RDR/JUPITER/ORBIT_34/JNCR_2021159_34C00054_V01.LBL,https://planetarydata.jpl.nasa.gov/img/data/juno/JNOJNC_0018/DATA/RDR/JUPITER/ORBIT_34/JNCR_2021159_34C00054_V01.LBL,https://planetarydata.jpl.nasa.gov/img/data/juno/JNOJNC_0018/DATA/RDR/JUPITER/ORBIT_34/JNCR_2021159_34C00054_V01.IMG,18e31c702f5a130a1581da3976f9706f,bddf231cf2dfd1c76f30c34a1176feb2,50626560,2021-06-08T07:36:15.536,2021-06-08T07:36:30.376,1,1648,15360,JUNOMAKEPDS.PY 0.10,applied,1.0,True,full RGB; finite archive timing; individual signal and geometry assessment pending
JNCR_2021159_34C00055_V01,34,1,JNOJNC_0018,DATA/RDR/JUPITER/ORBIT_34/JNCR_2021159_34C00055_V01.LBL,https://planetarydata.jpl.nasa.gov/img/data/juno/JNOJNC_0018/DATA/RDR/JUPITER/ORBIT_34/JNCR_2021159_34C00055_V01.LBL,https://planetarydata.jpl.nasa.gov/img/data/juno/JNOJNC_0018/DATA/RDR/JUPITER/ORBIT_34/JNCR_2021159_34C00055_V01.IMG,52c73e4388447d8736b1ab72651a9dde,828d936c5e11dec3e2e90199bc6d753d,50626560,2021-06-08T07:38:16.305,2021-06-08T07:38:31.145,1,1648,15360,JUNOMAKEPDS.PY 0.10,applied,2.0,True,full RGB; finite archive timing; individual signal and geometry assessment pending
JNCR_2021159_34C00056_V01,34,1,JNOJNC_0018,DATA/RDR/JUPITER/ORBIT_34/JNCR_2021159_34C00056_V01.LBL,https://planetarydata.jpl.nasa.gov/img/data/juno/JNOJNC_0018/DATA/RDR/JUPITER/ORBIT_34/JNCR_2021159_34C00056_V01.LBL,https://planetarydata.jpl.nasa.gov/img/data/juno/JNOJNC_0018/DATA/RDR/JUPITER/ORBIT_34/JNCR_2021159_34C00056_V01.IMG,3e83d60280363cdb61fc472cf5446047,b9adf2d5af9c8327770d17fd714febd7,53157888,2021-06-08T07:40:16.832,2021-06-08T07:40:32.414,1,1648,16128,JUNOMAKEPDS.PY 0.10,applied,6.0,True,full RGB; finite archive timing; individual signal and geometry assessment pending
JNCR_2021159_34M00057_V01,34,1,JNOJNC_0018,DATA/RDR/JUPITER/ORBIT_34/JNCR_2021159_34M00057_V01.LBL,https://planetarydata.jpl.nasa.gov/img/data/juno/JNOJNC_0018/DATA/RDR/JUPITER/ORBIT_34/JNCR_2021159_34M00057_V01.LBL,https://planetarydata.jpl.nasa.gov/img/data/juno/JNOJNC_0018/DATA/RDR/JUPITER/ORBIT_34/JNCR_2021159_34M00057_V01.IMG,f42da59aba2dcb247d546b670b8cc57e,eff9aef6d91f9d171ed5368f5e7a1041,17719296,2021-06-08T07:41:45.305,2021-06-08T07:42:01.013,1,1648,5376,JUNOMAKEPDS.PY 0.10,applied,21.0,False,outside full RGB scope
JNCR_2021159_34C00058_V01,34,1,JNOJNC_0018,DATA/RDR/JUPITER/ORBIT_34/JNCR_2021159_34C00058_V01.LBL,https://planetarydata.jpl.nasa.gov/img/data/juno/JNOJNC_0018/DATA/RDR/JUPITER/ORBIT_34/JNCR_2021159_34C00058_V01.LBL,https://planetarydata.jpl.nasa.gov/img/data/juno/JNOJNC_0018/DATA/RDR/JUPITER/ORBIT_34/JNCR_2021159_34C00058_V01.IMG,00710a7af88dda0e9c988a5ba4669086,4b4b7d987811426ba1908919ab980646,53157888,2021-06-08T07:42:47.883,2021-06-08T07:43:03.465,1,1648,16128,JUNOMAKEPDS.PY 0.10,applied,1.0,True,full RGB; finite archive timing; individual signal and geometry assessment pending
JNCR_2021159_34C00059_V01,34,1,JNOJNC_0018,DATA/RDR/JUPITER/ORBIT_34/JNCR_2021159_34C00059_V01.LBL,https://planetarydata.jpl.nasa.gov/img/data/juno/JNOJNC_0018/DATA/RDR/JUPITER/ORBIT_34/JNCR_2021159_34C00059_V01.LBL,https://planetarydata.jpl.nasa.gov/img/data/juno/JNOJNC_0018/DATA/RDR/JUPITER/ORBIT_34/JNCR_2021159_34C00059_V01.IMG,08a1d3dc7d196aef9d185568d879d2a9,d519a6e060530353b1c433ab4466420f,53157888,2021-06-08T07:44:18.672,2021-06-08T07:44:34.254,1,1648,16128,JUNOMAKEPDS.PY 0.10,applied,-4.0,True,full RGB; finite archive timing; individual signal and geometry assessment pending
JNCR_2021159_34C00060_V01,34,1,JNOJNC_0018,DATA/RDR/JUPITER/ORBIT_34/JNCR_2021159_34C00060_V01.LBL,https://planetarydata.jpl.nasa.gov/img/data/juno/JNOJNC_0018/DATA/RDR/JUPITER/ORBIT_34/JNCR_2021159_34C00060_V01.LBL,https://planetarydata.jpl.nasa.gov/img/data/juno/JNOJNC_0018/DATA/RDR/JUPITER/ORBIT_34/JNCR_2021159_34C00060_V01.IMG,2284a0108b852733013a26cfc989798a,518b203dc77186682930fa8a900c2b80,53157888,2021-06-08T07:46:19.445,2021-06-08T07:46:35.027,1,1648,16128,JUNOMAKEPDS.PY 0.10,applied,-2.0,True,full RGB; finite archive timing; individual signal and geometry assessment pending
JNCR_2021159_34C00061_V01,34,1,JNOJNC_0018,DATA/RDR/JUPITER/ORBIT_34/JNCR_2021159_34C00061_V01.LBL,https://planetarydata.jpl.nasa.gov/img/data/juno/JNOJNC_0018/DATA/RDR/JUPITER/ORBIT_34/JNCR_2021159_34C00061_V01.LBL,https://planetarydata.jpl.nasa.gov/img/data/juno/JNOJNC_0018/DATA/RDR/JUPITER/ORBIT_34/JNCR_2021159_34C00061_V01.IMG,69ad672f6a0a268db5f36a026202853a,6466dacad9cff2b6aa46277c99ff6d42,53157888,2021-06-08T07:48:20.461,2021-06-08T07:48:36.043,1,1648,16128,JUNOMAKEPDS.PY 0.10,applied,-5.0,True,full RGB; finite archive timing; individual signal and geometry assessment pending
JNCR_2021159_34C00062_V01,34,1,JNOJNC_0018,DATA/RDR/JUPITER/ORBIT_34/JNCR_2021159_34C00062_V01.LBL,https://planetarydata.jpl.nasa.gov/img/data/juno/JNOJNC_0018/DATA/RDR/JUPITER/ORBIT_34/JNCR_2021159_34C00062_V01.LBL,https://planetarydata.jpl.nasa.gov/img/data/juno/JNOJNC_0018/DATA/RDR/JUPITER/ORBIT_34/JNCR_2021159_34C00062_V01.IMG,0f3de929e4db914df8ffa1e4e125f5f6,e967e8c6b61048507c56706571841115,53157888,2021-06-08T07:50:21.308,2021-06-08T07:50:36.890,1,1648,16128,JUNOMAKEPDS.PY 0.10,applied,-5.0,True,full RGB; finite archive timing; individual signal and geometry assessment pending
JNCR_2021159_34C00063_V01,34,1,JNOJNC_0018,DATA/RDR/JUPITER/ORBIT_34/JNCR_2021159_34C00063_V01.LBL,https://planetarydata.jpl.nasa.gov/img/data/juno/JNOJNC_0018/DATA/RDR/JUPITER/ORBIT_34/JNCR_2021159_34C00063_V01.LBL,https://planetarydata.jpl.nasa.gov/img/data/juno/JNOJNC_0018/DATA/RDR/JUPITER/ORBIT_34/JNCR_2021159_34C00063_V01.IMG,a5045d638b0e7325b62b3056f34dc2a1,215adca5b2fed54b8542c8c2bd6b9ff7,53157888,2021-06-08T07:52:22.277,2021-06-08T07:52:37.859,1,1648,16128,JUNOMAKEPDS.PY 0.10,applied,7.0,True,full RGB; finite archive timing; individual signal and geometry assessment pending
JNCR_2021159_34C00064_V01,34,1,JNOJNC_0018,DATA/RDR/JUPITER/ORBIT_34/JNCR_2021159_34C00064_V01.LBL,https://planetarydata.jpl.nasa.gov/img/data/juno/JNOJNC_0018/DATA/RDR/JUPITER/ORBIT_34/JNCR_2021159_34C00064_V01.LBL,https://planetarydata.jpl.nasa.gov/img/data/juno/JNOJNC_0018/DATA/RDR/JUPITER/ORBIT_34/JNCR_2021159_34C00064_V01.IMG,950340d1a23bc9dbd2d21ea4b32d77d0,7aacc3a4d34c46b5933321b9c5c14b4c,53157888,2021-06-08T07:54:23.253,2021-06-08T07:54:38.835,1,1648,16128,JUNOMAKEPDS.PY 0.10,applied,4.0,True,full RGB; finite archive timing; individual signal and geometry assessment pending
JNCR_2021159_34M00065_V01,34,1,JNOJNC_0018,DATA/RDR/JUPITER/ORBIT_34/JNCR_2021159_34M00065_V01.LBL,https://planetarydata.jpl.nasa.gov/img/data/juno/JNOJNC_0018/DATA/RDR/JUPITER/ORBIT_34/JNCR_2021159_34M00065_V01.LBL,https://planetarydata.jpl.nasa.gov/img/data/juno/JNOJNC_0018/DATA/RDR/JUPITER/ORBIT_34/JNCR_2021159_34M00065_V01.IMG,d0b9ec81e320ff30d6d28bb26d1a70db,398f2e289a6a931a6607b386747fbf69,17719296,2021-06-08T07:55:52.003,2021-06-08T07:56:07.711,1,1648,5376,JUNOMAKEPDS.PY 0.10,applied,18.0,False,outside full RGB scope
JNCR_2021159_34C00066_V01,34,1,JNOJNC_0018,DATA/RDR/JUPITER/ORBIT_34/JNCR_2021159_34C00066_V01.LBL,https://planetarydata.jpl.nasa.gov/img/data/juno/JNOJNC_0018/DATA/RDR/JUPITER/ORBIT_34/JNCR_2021159_34C00066_V01.LBL,https://planetarydata.jpl.nasa.gov/img/data/juno/JNOJNC_0018/DATA/RDR/JUPITER/ORBIT_34/JNCR_2021159_34C00066_V01.IMG,ac52afca0cb03e4b522573853b49694b,d3f4dd2255173d8c7a4d057058ab7384,50626560,2021-06-08T07:56:54.648,2021-06-08T07:57:09.488,1,1648,15360,JUNOMAKEPDS.PY 0.10,applied,1.0,True,full RGB; finite archive timing; individual signal and geometry assessment pending
JNCR_2021159_34C00067_V01,34,1,JNOJNC_0018,DATA/RDR/JUPITER/ORBIT_34/JNCR_2021159_34C00067_V01.LBL,https://planetarydata.jpl.nasa.gov/img/data/juno/JNOJNC_0018/DATA/RDR/JUPITER/ORBIT_34/JNCR_2021159_34C00067_V01.LBL,https://planetarydata.jpl.nasa.gov/img/data/juno/JNOJNC_0018/DATA/RDR/JUPITER/ORBIT_34/JNCR_2021159_34C00067_V01.IMG,54fbe9f7ad34bd4f8b4e4535acd94b31,1d720e68dd127ba355d2c73a53ff72a3,50626560,2021-06-08T07:58:25.366,2021-06-08T07:58:40.206,1,1648,15360,JUNOMAKEPDS.PY 0.10,applied,3.0,True,full RGB; finite archive timing; individual signal and geometry assessment pending
JNCR_2021159_34C00068_V01,34,1,JNOJNC_0018,DATA/RDR/JUPITER/ORBIT_34/JNCR_2021159_34C00068_V01.LBL,https://planetarydata.jpl.nasa.gov/img/data/juno/JNOJNC_0018/DATA/RDR/JUPITER/ORBIT_34/JNCR_2021159_34C00068_V01.LBL,https://planetarydata.jpl.nasa.gov/img/data/juno/JNOJNC_0018/DATA/RDR/JUPITER/ORBIT_34/JNCR_2021159_34C00068_V01.IMG,e265131264259c473bf04c583ebad801,9d2d95cde64f0c7a9450b3b1ccd7b108,50626560,2021-06-08T08:00:26.104,2021-06-08T08:00:40.944,1,1648,15360,JUNOMAKEPDS.PY 0.10,applied,5.0,True,full RGB; finite archive timing; individual signal and geometry assessment pending
JNCR_2021159_34C00069_V01,34,1,JNOJNC_0018,DATA/RDR/JUPITER/ORBIT_34/JNCR_2021159_34C00069_V01.LBL,https://planetarydata.jpl.nasa.gov/img/data/juno/JNOJNC_0018/DATA/RDR/JUPITER/ORBIT_34/JNCR_2021159_34C00069_V01.LBL,https://planetarydata.jpl.nasa.gov/img/data/juno/JNOJNC_0018/DATA/RDR/JUPITER/ORBIT_34/JNCR_2021159_34C00069_V01.IMG,133c971e4099b62c5c484d279773d450,d51449babf4576bc666f985721ef37b1,50626560,2021-06-08T08:02:26.831,2021-06-08T08:02:41.671,1,1648,15360,JUNOMAKEPDS.PY 0.10,applied,5.0,True,full RGB; finite archive timing; individual signal and geometry assessment pending
JNCR_2021159_34C00070_V01,34,1,JNOJNC_0018,DATA/RDR/JUPITER/ORBIT_34/JNCR_2021159_34C00070_V01.LBL,https://planetarydata.jpl.nasa.gov/img/data/juno/JNOJNC_0018/DATA/RDR/JUPITER/ORBIT_34/JNCR_2021159_34C00070_V01.LBL,https://planetarydata.jpl.nasa.gov/img/data/juno/JNOJNC_0018/DATA/RDR/JUPITER/ORBIT_34/JNCR_2021159_34C00070_V01.IMG,f492595592cfbbbb1d014269dcf237d6,276158dd2210038b07e226bc84adeff1,48095232,2021-06-08T08:04:58.124,2021-06-08T08:05:12.222,1,1648,14592,JUNOMAKEPDS.PY 0.10,applied,4.0,True,full RGB; finite archive timing; individual signal and geometry assessment pending
JNCR_2021159_34C00071_V01,34,1,JNOJNC_0018,DATA/RDR/JUPITER/ORBIT_34/JNCR_2021159_34C00071_V01.LBL,https://planetarydata.jpl.nasa.gov/img/data/juno/JNOJNC_0018/DATA/RDR/JUPITER/ORBIT_34/JNCR_2021159_34C00071_V01.LBL,https://planetarydata.jpl.nasa.gov/img/data/juno/JNOJNC_0018/DATA/RDR/JUPITER/ORBIT_34/JNCR_2021159_34C00071_V01.IMG,51e4473b3db291ababb02d6362d2c021,c7205ba56a305ac76a0ecf13530c2cdb,48095232,2021-06-08T08:07:29.084,2021-06-08T08:07:43.182,1,1648,14592,JUNOMAKEPDS.PY 0.10,no_shift_needed,0.0,True,full RGB; finite archive timing; individual signal and geometry assessment pending
JNCR_2021159_34C00072_V01,34,1,JNOJNC_0018,DATA/RDR/JUPITER/ORBIT_34/JNCR_2021159_34C00072_V01.LBL,https://planetarydata.jpl.nasa.gov/img/data/juno/JNOJNC_0018/DATA/RDR/JUPITER/ORBIT_34/JNCR_2021159_34C00072_V01.LBL,https://planetarydata.jpl.nasa.gov/img/data/juno/JNOJNC_0018/DATA/RDR/JUPITER/ORBIT_34/JNCR_2021159_34C00072_V01.IMG,e3f01afcb0820b329c9b4555af84965a,a6bf563a33a9f55929a6a351e9de1b6f,45563904,2021-06-08T08:10:00.240,2021-06-08T08:10:13.596,1,1648,13824,JUNOMAKEPDS.PY 0.10,applied,2.0,True,full RGB; finite archive timing; individual signal and geometry assessment pending
JNCR_2021159_34C00073_V01,34,1,JNOJNC_0018,DATA/RDR/JUPITER/ORBIT_34/JNCR_2021159_34C00073_V01.LBL,https://planetarydata.jpl.nasa.gov/img/data/juno/JNOJNC_0018/DATA/RDR/JUPITER/ORBIT_34/JNCR_2021159_34C00073_V01.LBL,https://planetarydata.jpl.nasa.gov/img/data/juno/JNOJNC_0018/DATA/RDR/JUPITER/ORBIT_34/JNCR_2021159_34C00073_V01.IMG,6ddfdc2c0ac766d6c6a63f3718e9e7ba,ff8f43803f21150a0330a8f5ba288462,43032576,2021-06-08T08:12:31.412,2021-06-08T08:12:44.026,1,1648,13056,JUNOMAKEPDS.PY 0.10,applied,3.0,True,full RGB; finite archive timing; individual signal and geometry assessment pending
JNCR_2021159_34C00074_V01,34,1,JNOJNC_0018,DATA/RDR/JUPITER/ORBIT_34/JNCR_2021159_34C00074_V01.LBL,https://planetarydata.jpl.nasa.gov/img/data/juno/JNOJNC_0018/DATA/RDR/JUPITER/ORBIT_34/JNCR_2021159_34C00074_V01.LBL,https://planetarydata.jpl.nasa.gov/img/data/juno/JNOJNC_0018/DATA/RDR/JUPITER/ORBIT_34/JNCR_2021159_34C00074_V01.IMG,d8426f475b0971c255c5c8990ab62439,81d093bd82701afa3e1a50ab02a3f963,43032576,2021-06-08T08:15:32.420,2021-06-08T08:15:45.034,1,1648,13056,JUNOMAKEPDS.PY 0.10,applied,2.0,True,full RGB; finite archive timing; individual signal and geometry assessment pending
JNCR_2021159_34C00075_V01,34,1,JNOJNC_0018,DATA/RDR/JUPITER/ORBIT_34/JNCR_2021159_34C00075_V01.LBL,https://planetarydata.jpl.nasa.gov/img/data/juno/JNOJNC_0018/DATA/RDR/JUPITER/ORBIT_34/JNCR_2021159_34C00075_V01.LBL,https://planetarydata.jpl.nasa.gov/img/data/juno/JNOJNC_0018/DATA/RDR/JUPITER/ORBIT_34/JNCR_2021159_34C00075_V01.IMG,560e9a727726b8a1c97545522f9e6d68,cae0c08fd284edd1fc5cab310ed07fa8,40501248,2021-06-08T08:18:03.525,2021-06-08T08:18:15.397,1,1648,12288,JUNOMAKEPDS.PY 0.10,applied,-4.0,True,full RGB; finite archive timing; individual signal and geometry assessment pending
JNCR_2021159_34C00076_V01,34,1,JNOJNC_0018,DATA/RDR/JUPITER/ORBIT_34/JNCR_2021159_34C00076_V01.LBL,https://planetarydata.jpl.nasa.gov/img/data/juno/JNOJNC_0018/DATA/RDR/JUPITER/ORBIT_34/JNCR_2021159_34C00076_V01.LBL,https://planetarydata.jpl.nasa.gov/img/data/juno/JNOJNC_0018/DATA/RDR/JUPITER/ORBIT_34/JNCR_2021159_34C00076_V01.IMG,372a5753c9f9edfe15273198557d0e05,0bd6c4ec94e073aaf4714abe62f1117d,37969920,2021-06-08T08:22:05.048,2021-06-08T08:22:16.178,1,1648,11520,JUNOMAKEPDS.PY 0.10,no_shift_needed,0.0,True,full RGB; finite archive timing; individual signal and geometry assessment pending
JNCR_2021159_34C00077_V01,34,1,JNOJNC_0018,DATA/RDR/JUPITER/ORBIT_34/JNCR_2021159_34C00077_V01.LBL,https://planetarydata.jpl.nasa.gov/img/data/juno/JNOJNC_0018/DATA/RDR/JUPITER/ORBIT_34/JNCR_2021159_34C00077_V01.LBL,https://planetarydata.jpl.nasa.gov/img/data/juno/JNOJNC_0018/DATA/RDR/JUPITER/ORBIT_34/JNCR_2021159_34C00077_V01.IMG,8ffae1b8a1fa7f80fafa0802ee9383fd,15516dccfe5df3d6056ac7793daa665a,35438592,2021-06-08T08:27:06.696,2021-06-08T08:27:17.084,1,1648,10752,JUNOMAKEPDS.PY 0.10,applied,1.0,True,full RGB; finite archive timing; individual signal and geometry assessment pending
JNCR_2021159_34C00078_V01,34,1,JNOJNC_0018,DATA/RDR/JUPITER/ORBIT_34/JNCR_2021159_34C00078_V01.LBL,https://planetarydata.jpl.nasa.gov/img/data/juno/JNOJNC_0018/DATA/RDR/JUPITER/ORBIT_34/JNCR_2021159_34C00078_V01.LBL,https://planetarydata.jpl.nasa.gov/img/data/juno/JNOJNC_0018/DATA/RDR/JUPITER/ORBIT_34/JNCR_2021159_34C00078_V01.IMG,cc6c15746ac21c12d86e7304ebf09abb,673c08b613c413c6aa233e498b07da70,32907264,2021-06-08T08:33:08.661,2021-06-08T08:33:18.307,1,1648,9984,JUNOMAKEPDS.PY 0.10,no_shift_needed,0.0,True,full RGB; finite archive timing; individual signal and geometry assessment pending
JNCR_2021159_34C00079_V01,34,1,JNOJNC_0018,DATA/RDR/JUPITER/ORBIT_34/JNCR_2021159_34C00079_V01.LBL,https://planetarydata.jpl.nasa.gov/img/data/juno/JNOJNC_0018/DATA/RDR/JUPITER/ORBIT_34/JNCR_2021159_34C00079_V01.LBL,https://planetarydata.jpl.nasa.gov/img/data/juno/JNOJNC_0018/DATA/RDR/JUPITER/ORBIT_34/JNCR_2021159_34C00079_V01.IMG,e9ea7549b73d4065b08a93fd12a64621,a742275933729f8a53e9ce5d142002d5,30375936,2021-06-08T08:40:10.598,2021-06-08T08:40:19.502,1,1648,9216,JUNOMAKEPDS.PY 0.10,applied,1.0,True,full RGB; finite archive timing; individual signal and geometry assessment pending
JNCR_2021159_34C00080_V01,34,1,JNOJNC_0018,DATA/RDR/JUPITER/ORBIT_34/JNCR_2021159_34C00080_V01.LBL,https://planetarydata.jpl.nasa.gov/img/data/juno/JNOJNC_0018/DATA/RDR/JUPITER/ORBIT_34/JNCR_2021159_34C00080_V01.LBL,https://planetarydata.jpl.nasa.gov/img/data/juno/JNOJNC_0018/DATA/RDR/JUPITER/ORBIT_34/JNCR_2021159_34C00080_V01.IMG,577aadcd6c57ffa8d42d30d4da6761fd,bfb2a3bb987983433eb9782052dc96f6,27844608,2021-06-08T08:47:12.554,2021-06-08T08:47:20.716,1,1648,8448,JUNOMAKEPDS.PY 0.10,no_shift_needed,0.0,True,full RGB; finite archive timing; individual signal and geometry assessment pending
JNCR_2021159_34M00081_V01,34,1,JNOJNC_0018,DATA/RDR/JUPITER/ORBIT_34/JNCR_2021159_34M00081_V01.LBL,https://planetarydata.jpl.nasa.gov/img/data/juno/JNOJNC_0018/DATA/RDR/JUPITER/ORBIT_34/JNCR_2021159_34M00081_V01.LBL,https://planetarydata.jpl.nasa.gov/img/data/juno/JNOJNC_0018/DATA/RDR/JUPITER/ORBIT_34/JNCR_2021159_34M00081_V01.IMG,2f4502c5c83cb63864182903a908f78a,5d047af72d172872577ebb44341bc03c,9281536,2021-06-08T08:48:12.804,2021-06-08T08:48:20.966,1,1648,2816,JUNOMAKEPDS.PY 0.10,applied,6.0,False,outside full RGB scope
JNCR_2021159_34C00082_V01,34,1,JNOJNC_0018,DATA/RDR/JUPITER/ORBIT_34/JNCR_2021159_34C00082_V01.LBL,https://planetarydata.jpl.nasa.gov/img/data/juno/JNOJNC_0018/DATA/RDR/JUPITER/ORBIT_34/JNCR_2021159_34C00082_V01.LBL,https://planetarydata.jpl.nasa.gov/img/data/juno/JNOJNC_0018/DATA/RDR/JUPITER/ORBIT_34/JNCR_2021159_34C00082_V01.IMG,14f42dffe703b36f605ab8469057c651,b604fe6274f322cdbeb729e197dd90bd,27844608,2021-06-08T08:54:14.225,2021-06-08T08:54:22.387,1,1648,8448,JUNOMAKEPDS.PY 0.10,no_shift_needed,0.0,True,full RGB; finite archive timing; individual signal and geometry assessment pending
JNCR_2021159_34C00083_V01,34,1,JNOJNC_0018,DATA/RDR/JUPITER/ORBIT_34/JNCR_2021159_34C00083_V01.LBL,https://planetarydata.jpl.nasa.gov/img/data/juno/JNOJNC_0018/DATA/RDR/JUPITER/ORBIT_34/JNCR_2021159_34C00083_V01.LBL,https://planetarydata.jpl.nasa.gov/img/data/juno/JNOJNC_0018/DATA/RDR/JUPITER/ORBIT_34/JNCR_2021159_34C00083_V01.IMG,e38e6f83389dcdd5bb15623b745606e7,f4e330c9472f2e4021e3f5f268127073,25313280,2021-06-08T09:04:16.725,2021-06-08T09:04:24.145,1,1648,7680,JUNOMAKEPDS.PY 0.10,applied,3.0,True,full RGB; finite archive timing; individual signal and geometry assessment pending
JNCR_2021159_34M00084_V01,34,1,JNOJNC_0018,DATA/RDR/JUPITER/ORBIT_34/JNCR_2021159_34M00084_V01.LBL,https://planetarydata.jpl.nasa.gov/img/data/juno/JNOJNC_0018/DATA/RDR/JUPITER/ORBIT_34/JNCR_2021159_34M00084_V01.LBL,https://planetarydata.jpl.nasa.gov/img/data/juno/JNOJNC_0018/DATA/RDR/JUPITER/ORBIT_34/JNCR_2021159_34M00084_V01.IMG,4def2864766f1ae256a25cc723e47711,7bc853c25411ff88e5a761e53e7e3514,8437760,2021-06-08T09:05:16.908,2021-06-08T09:05:24.328,1,1648,2560,JUNOMAKEPDS.PY 0.10,applied,8.0,False,outside full RGB scope
JNCR_2021159_34C00085_V01,34,1,JNOJNC_0018,DATA/RDR/JUPITER/ORBIT_34/JNCR_2021159_34C00085_V01.LBL,https://planetarydata.jpl.nasa.gov/img/data/juno/JNOJNC_0018/DATA/RDR/JUPITER/ORBIT_34/JNCR_2021159_34C00085_V01.LBL,https://planetarydata.jpl.nasa.gov/img/data/juno/JNOJNC_0018/DATA/RDR/JUPITER/ORBIT_34/JNCR_2021159_34C00085_V01.IMG,05b42429500e809b13e15856fffb7a20,cf8d5182651e51c8d37c550116cdc498,22781952,2021-06-08T09:14:19.200,2021-06-08T09:14:25.878,1,1648,6912,JUNOMAKEPDS.PY 0.10,applied,1.0,True,full RGB; finite archive timing; individual signal and geometry assessment pending
