product_id,orbit,start_time,native_version,metrics_ok,geo_ok,streak_index,saturation_frac,zero_frac,max_dn,bloom_flag,median_pixel_km,on_planet_frac,bore_lat,bore_lon_east,bore_emission,min_lat,max_lat,streak_index_red,saturation_frac_red,zero_frac_red,streak_index_green,saturation_frac_green,zero_frac_green,streak_index_blue,saturation_frac_blue,zero_frac_blue,cleared,decision_reason
JNCR_2017086_05C00100_V02,5.0,2017-03-27 07:50:12.208,2,True,True,0.0015674927075931787,0.0,0.09675079641990292,5180.0,False,67.8931825875039,0.31283710895361383,70.83760833740234,144.5543975830078,40.54677963256836,15.602747917175293,89.16175842285156,0.0014179389389722239,0.0,0.08997174605582525,0.0016934710755508173,0.0,0.0775561286407767,0.0014510975054922975,0.0,0.11815221101334952,True,Verified exact native product; normal-operation evidence; label and errata audit; determined archive timing; clean overall and every RGB band; finite on-planet geometry
JNCR_2017086_05C00104_V02,5.0,2017-03-27 08:13:12.699,2,True,True,0.001910789265626829,0.0,0.03093475045509709,4778.0,False,39.83882820564658,0.4456195099398983,78.8926010131836,141.47927856445312,23.091081619262695,25.92302703857422,89.80866241455078,0.002102398592510363,0.0,0.02866163531553398,0.0016265411434562248,0.0,0.02055758874393204,0.0017003265300138625,0.0,0.03626791944781553,True,Verified exact native product; normal-operation evidence; label and errata audit; determined archive timing; clean overall and every RGB band; finite on-planet geometry
JNCR_2017086_05C00105_V02,5.0,2017-03-27 08:20:12.296,2,True,True,0.0016533220673007947,0.0,0.030915788076456313,4778.0,False,31.484684323480316,0.48129045307443363,68.15009307861328,175.1759490966797,22.050580978393555,23.411760330200195,89.54057312011719,0.0020453584314900548,0.0,0.03106274651092233,0.001578197191150055,0.0,0.021700072057038833,0.0015288658319385024,0.0,0.03302061210558252,True,Verified exact native product; normal-operation evidence; label and errata audit; determined archive timing; clean overall and every RGB band; finite on-planet geometry
JNCR_2017086_05C00106_V02,5.0,2017-03-27 08:46:39.985,2,True,True,0.002212998926496601,0.0,0.014276300819174758,3972.0,False,4.371047573416481,0.6838408355398646,20.807634353637695,178.0118865966797,5.474419593811035,1.6866695880889893,41.29330825805664,0.0014263191520856601,0.0,0.011747193567961165,0.0018879947547544018,0.0,0.01414356416868932,0.0031248037352751184,0.0,0.015207827669902913,True,Verified exact native product; normal-operation evidence; label and errata audit; determined archive timing; clean overall and every RGB band; finite on-planet geometry
JNCR_2017086_05C00107_V02,5.0,2017-03-27 08:53:09.653,2,True,True,0.0020128009403415693,0.0,0.010341607251213593,3670.0,False,3.040219059102433,0.7210760517799353,3.6003832817077637,174.08648681640625,2.8960916996002197,-12.23464584350586,20.2827205657959,0.0019530637324515704,0.0,0.009182531856796116,0.0018628547830197447,0.0,0.009962359678398057,0.002306813936586296,0.0,0.011823043082524272,True,Verified exact native product; normal-operation evidence; label and errata audit; determined archive timing; clean overall and every RGB band; finite on-planet geometry
JNCR_2017086_05C00108_V02,5.0,2017-03-27 08:59:39.473,2,True,True,0.0031409233143577537,0.0,0.015129607858009708,3338.0,False,5.227723306239316,0.6596609296852015,-13.600995063781738,170.12188720703125,7.946314811706543,-34.31781005859375,7.738288402557373,0.0032861633323427353,0.0,0.013562841322815534,0.0031300965127233097,0.0,0.015743514866504854,0.0028506682775365543,0.0,0.01525049302184466,True,Verified exact native product; normal-operation evidence; label and errata audit; determined archive timing; clean overall and every RGB band; finite on-planet geometry
JNCR_2017086_05C00109_V02,5.0,2017-03-27 09:06:39.539,2,True,True,0.0010857156495924039,0.0,0.015203087075242719,2935.0,False,10.922091601307049,0.6158272653721683,-31.13858985900879,166.53009033203125,15.108377456665039,-60.948970794677734,0.3801124095916748,0.0009304940449547502,0.0,0.013861498786407767,0.0008698857123796118,0.0,0.01576484754247573,0.0015434079450833615,0.0,0.015167532615291263,True,Verified exact native product; normal-operation evidence; label and errata audit; determined archive timing; clean overall and every RGB band; finite on-planet geometry
JNCR_2017086_05C00110_V02,5.0,2017-03-27 09:12:10.331,2,True,True,0.0007545417649683845,0.0,0.015350045509708738,2961.0,False,16.939188294400886,0.5908620999640417,-40.65217971801758,165.45639038085938,13.105300903320312,-79.90355682373047,-3.8224642276763916,0.0005065778236286575,0.0,0.015321601941747573,0.0006033847982387967,0.0,0.01508694250606796,0.0011069518044623803,0.0,0.01571270100121359,True,Verified exact native product; normal-operation evidence; label and errata audit; determined archive timing; clean overall and every RGB band; finite on-planet geometry
JNCR_2017086_05C00111_V02,5.0,2017-03-27 09:34:13.064,2,True,True,0.0011301813375194287,0.0,0.05250919675364078,3338.0,False,44.165870659032144,0.40174237170596394,-67.47314453125,179.38670349121094,24.668359756469727,-89.89484405517578,-14.895501136779785,0.0010958078345953963,0.0,0.07069411787014562,0.0011200187146917333,0.0,0.04572777609223301,0.0011301813375194287,0.0,0.05637278140169903,True,Verified exact native product; normal-operation evidence; label and errata audit; determined archive timing; clean overall and every RGB band; finite on-planet geometry
JNCR_2017086_05C00112_V02,5.0,2017-03-27 09:47:15.036,2,True,True,0.0013989285716435032,0.0,0.11869974969660194,3626.0,False,60.13771241067982,0.3448793149946063,-73.0429916381836,232.2591552734375,33.682090759277344,-89.95736694335938,-19.40043067932129,0.0013989285716435032,0.0,0.1213284094356796,0.0011761134549930852,0.0,0.08529989001820389,0.0014475885124705218,0.0,0.11161967157160194,True,Verified exact native product; normal-operation evidence; label and errata audit; determined archive timing; clean overall and every RGB band; finite on-planet geometry
JNCR_2017086_05C00113_V02,5.0,2017-03-27 10:01:47.573,2,True,True,0.0013301137681951147,0.0,0.15500559390169902,3884.0,False,77.80788674476582,0.31508899676375407,-65.8203353881836,212.58773803710938,37.22816467285156,-89.5727767944336,-21.50551986694336,0.001485106639007009,0.0,0.21267018734830095,0.0013071584581852399,0.0,0.15023418537621358,0.0012900285863218473,0.0,0.18044125455097088,True,Verified exact native product; normal-operation evidence; label and errata audit; determined archive timing; clean overall and every RGB band; finite on-planet geometry
JNCR_2017086_05C00115_V02,5.0,2017-03-27 10:20:20.439,2,True,True,0.001982368416631243,0.0,0.20187585330703883,4316.0,False,100.16343289337618,0.23818770226537217,-56.190589904785156,228.5488739013672,44.426116943359375,-89.87483978271484,-11.939172744750977,0.0027607851223558784,0.0,0.22683745449029125,0.0021183675919184803,0.0,0.17372620221480584,0.0016580212068486883,0.0,0.2272143317657767,True,Verified exact native product; normal-operation evidence; label and errata audit; determined archive timing; clean overall and every RGB band; finite on-planet geometry
JNCR_2017139_06C00098_V02,6.0,2017-05-19 04:46:04.284,2,True,True,0.0012980452766645895,0.0,0.22959885087985438,4141.0,False,84.6831575632486,0.31537216828478964,59.6977424621582,52.50544357299805,23.116315841674805,6.671469688415527,89.70671081542969,0.0011880482965230448,0.0,0.24614352624393204,0.0011055620579685883,0.0,0.20762382433252427,0.0019565708186993344,0.0,0.23222751061893204,True,Verified exact native product; normal-operation evidence; label and errata audit; determined archive timing; clean overall and every RGB band; finite on-planet geometry
JNCR_2017139_06C00099_V02,6.0,2017-05-19 04:51:06.967,2,True,True,0.001558186316676326,0.0,0.21871444554004854,4055.0,False,78.75295411767311,0.34555016181229775,64.63692474365234,47.094886779785156,20.241390228271484,8.32204818725586,89.87835693359375,0.0015888976407923434,0.0,0.2359204338592233,0.0012472516155942201,0.0,0.21610948877427183,0.002032011174539144,0.0,0.22043054080703883,True,Verified exact native product; normal-operation evidence; label and errata audit; determined archive timing; clean overall and every RGB band; finite on-planet geometry
JNCR_2017139_06C00100_V01,6.0,2017-05-19 04:56:09.108,1,True,True,0.0014108148910651546,0.0,0.2179346177184466,4055.0,False,72.75622052513744,0.3209614347357066,72.7674331665039,344.59014892578125,33.18832778930664,12.703482627868652,89.710693359375,0.0013395333828897212,0.0,0.22993069250606796,0.0012968978704520147,0.0,0.20400675060679613,0.0016031380614958545,0.0,0.23043082524271843,True,Verified exact native product; normal-operation evidence; label and errata audit; determined archive timing; clean overall and every RGB band; finite on-planet geometry
JNCR_2017139_06C00101_V02,6.0,2017-05-19 05:01:11.631,2,True,True,0.001401199752890916,0.0,0.208081291717233,3623.0,False,66.52890168002725,0.3561893203883495,75.13282012939453,336.3018493652344,29.608610153198242,16.31143569946289,89.82257843017578,0.001337175111569099,0.0,0.20738205400485438,0.0013718508897136213,0.0,0.18784843370752427,0.0018238999226204413,0.0,0.21901073270631066,True,Verified exact native product; normal-operation evidence; label and errata audit; determined archive timing; clean overall and every RGB band; finite on-planet geometry
JNCR_2017139_06C00102_V02,6.0,2017-05-19 05:06:13.771,2,True,True,0.0015780385440977436,0.0,0.20333595646237865,3623.0,False,60.302632880461324,0.39874932578209277,79.07343292236328,347.81219482421875,18.886573791503906,20.40714454650879,89.91975402832031,0.0015246927446738259,0.0,0.20240917020631066,0.0013792548508945565,0.0,0.18646655036407767,0.0016237103011422184,0.0,0.21063647223907767,True,Verified exact native product; normal-operation evidence; label and errata audit; determined archive timing; clean overall and every RGB band; finite on-planet geometry
JNCR_2017139_06C00103_V02,6.0,2017-05-19 05:11:15.962,2,True,True,0.0015052051117629694,0.0,0.1990599400788835,3537.0,False,54.14524495795597,0.38791608876560335,81.95952606201172,348.1322326660156,11.927854537963867,25.87371063232422,89.86027526855469,0.0012989183306276535,0.0,0.19794590033373788,0.0012834837525756498,0.0,0.17320473680218446,0.0019463859479809358,0.0,0.21010552563713591,True,Verified exact native product; normal-operation evidence; label and errata audit; determined archive timing; clean overall and every RGB band; finite on-planet geometry
JNCR_2017139_06C00104_V02,6.0,2017-05-19 05:14:47.575,2,True,True,0.001051897428703233,0.0,0.14565003033980584,3407.0,False,49.83357854836958,0.42776236708275545,83.5382308959961,331.2271423339844,9.179778099060059,28.77260971069336,89.94417572021484,0.0011812284243897682,0.0,0.1517037697208738,0.0009975386279610886,0.0,0.12120041337985438,0.0010855490110627693,0.0,0.15638273665048544,True,Verified exact native product; normal-operation evidence; label and errata audit; determined archive timing; clean overall and every RGB band; finite on-planet geometry
JNCR_2017139_06C00106_V02,6.0,2017-05-19 05:19:19.422,2,True,True,0.0014500992129101518,0.0,0.14800610588592233,3447.0,False,44.14472068389212,0.4842233009708738,85.35386657714844,308.2943115234375,7.685459136962891,27.79925537109375,89.86930847167969,0.0015285149458493046,0.0,0.15866059238470875,0.0012021727006603635,0.0,0.12778983995752427,0.0017201071691215959,0.0,0.1564159208131068,True,Verified exact native product; normal-operation evidence; label and errata audit; determined archive timing; clean overall and every RGB band; finite on-planet geometry
JNCR_2017139_06C00107_V02,6.0,2017-05-19 05:23:51.192,2,True,True,0.001349214375348088,0.0,0.12200394417475728,3450.0,False,38.20972871403805,0.4693315129449838,72.20977783203125,260.0721740722656,18.109142303466797,26.58850860595703,89.91706848144531,0.0013726317736605616,0.0,0.12991125606796117,0.0010960760961627176,0.0,0.10138235740291263,0.0014995689359947406,0.0,0.13262287621359223,True,Verified exact native product; normal-operation evidence; label and errata audit; determined archive timing; clean overall and every RGB band; finite on-planet geometry
JNCR_2017139_06C00108_V01,6.0,2017-05-19 05:28:53.082,1,True,True,0.0014264743013110207,0.0,0.0882912052487864,3493.0,False,31.634460920336757,0.5234122168284789,70.60819244384766,248.24334716796875,8.31540584564209,23.693683624267578,89.98088073730469,0.0016750936786445938,0.0,0.0899290807038835,0.001165054044257724,0.0,0.060312215564320384,0.0015840154080073218,0.0,0.10716825318567962,True,Verified exact native product; normal-operation evidence; label and errata audit; determined archive timing; clean overall and every RGB band; finite on-planet geometry
JNCR_2017139_06C00109_V02,6.0,2017-05-19 05:35:55.933,2,True,True,0.000994094174548946,0.0,0.024959230885922327,3394.0,False,22.735663954792965,0.5442736425746134,62.330101013183594,237.2685089111328,3.0359408855438232,20.220348358154297,89.80789947509766,0.0009475273070669282,0.0,0.023359280188106797,0.0009204904388594559,0.0,0.0185523172026699,0.0011190308278638437,0.0,0.028583415503640776,True,Verified exact native product; normal-operation evidence; label and errata audit; determined archive timing; clean overall and every RGB band; finite on-planet geometry
JNCR_2017139_06C00110_V02,6.0,2017-05-19 05:43:58.335,2,True,True,0.0013065034672945063,0.0,0.015305009860436893,3221.0,False,13.707741727814506,0.5836266181229773,46.34685516357422,230.7649688720703,11.510558128356934,14.344374656677246,81.14299774169922,0.0012973121118864655,0.0,0.01508694250606796,0.00127725694133638,0.0,0.015594186134708737,0.0013083425285890936,0.0,0.015653443567961167,True,Verified exact native product; normal-operation evidence; label and errata audit; determined archive timing; clean overall and every RGB band; finite on-planet geometry
JNCR_2017139_06C00111_V02,6.0,2017-05-19 05:46:59.623,2,True,True,0.001398376730512349,0.0,0.015553891080097087,3278.0,False,10.778284829966495,0.6271844660194175,40.2285041809082,228.58609008789062,13.205979347229004,12.093110084533691,74.78025817871094,0.0013029935747585078,0.0,0.015141459344660194,0.0013816786191558298,0.0,0.015816994083737865,0.0015164303760872543,0.0,0.015563372269417477,True,Verified exact native product; normal-operation evidence; label and errata audit; determined archive timing; clean overall and every RGB band; finite on-planet geometry
JNCR_2017139_06C00112_V02,6.0,2017-05-19 05:50:30.604,2,True,True,0.0018337638382709782,0.0,0.015589445540048544,3278.0,False,7.770964284789351,0.6745752427184466,33.33952713012695,226.0481719970703,10.839764595031738,8.777814865112305,61.99312210083008,0.0017392317083811124,0.0,0.014736138501213593,0.0017439100465475223,0.0,0.015961582220873786,0.0019372740418364866,0.0,0.01560840791868932,True,Verified exact native product; normal-operation evidence; label and errata audit; determined archive timing; clean overall and every RGB band; finite on-planet geometry
JNCR_2017139_06C00113_V02,6.0,2017-05-19 05:55:32.037,2,True,True,0.001588508281156865,0.0,0.015044277154126214,2991.0,False,4.6203702357481315,0.6761639452780229,21.665857315063477,222.82205200195312,11.575458526611328,2.5039963722229004,42.425567626953125,0.0013532923318592804,0.0,0.010268128033980582,0.0015312665458352601,0.0,0.015385599969660194,0.002109338692249568,0.0,0.015814623786407765,True,Verified exact native product; normal-operation evidence; label and errata audit; determined archive timing; clean overall and every RGB band; finite on-planet geometry
JNCR_2017139_06C00114_V02,6.0,2017-05-19 05:59:03.259,2,True,True,0.0022308703566339514,0.0,0.012640795661407767,3236.0,False,3.4358184412997304,0.7070829655781112,12.54869556427002,220.57894897460938,13.058381080627441,-4.101390838623047,29.96644401550293,0.0018976217895008704,0.0,0.008976315989077669,0.002385553214979882,0.0,0.013790389866504854,0.002297382903014275,0.0,0.014555995904126214,True,Verified exact native product; normal-operation evidence; label and errata audit; determined archive timing; clean overall and every RGB band; finite on-planet geometry
JNCR_2017139_06C00115_V02,6.0,2017-05-19 06:03:04.775,2,True,True,0.0019088918994667483,0.0,0.010979217233009708,3365.0,False,3.3680850621887086,0.7075150779641071,1.8216973543167114,217.80874633789062,14.809496879577637,-14.649727821350098,18.78502655029297,0.002076281190209947,0.0,0.007523323725728155,0.001226022699901426,0.0,0.010374791413834952,0.00198678755948184,0.0,0.01545433859223301,True,Verified exact native product; normal-operation evidence; label and errata audit; determined archive timing; clean overall and every RGB band; finite on-planet geometry
JNCR_2017139_06C00117_V02,6.0,2017-05-19 06:10:37.973,2,True,True,0.0024245318976996427,0.0,0.012633684769417477,3739.0,False,6.917761056538914,0.682544498381877,-18.119037628173828,211.65548706054688,19.87221336364746,-41.62242126464844,6.292792797088623,0.0024245318976996427,0.0,0.010121169599514562,0.0018662680420481101,0.0,0.013385069023058253,0.003430999336759971,0.0,0.014830950394417477,True,Verified exact native product; normal-operation evidence; label and errata audit; determined archive timing; clean overall and every RGB band; finite on-planet geometry
JNCR_2017139_06C00118_V02,6.0,2017-05-19 06:13:08.864,2,True,True,0.001971943640640597,0.0,0.014686362257281553,3739.0,False,8.960898057334456,0.6427285598705501,-24.094327926635742,209.28378295898438,19.956666946411133,-51.389583587646484,3.6762285232543945,0.002127607796421955,0.0,0.010381902305825242,0.0016727894074742363,0.0,0.014845172178398057,0.0020085563810310356,0.0,0.015577594053398057,True,Verified exact native product; normal-operation evidence; label and errata audit; determined archive timing; clean overall and every RGB band; finite on-planet geometry
JNCR_2017139_06C00119_V01,6.0,2017-05-19 06:15:39.863,1,True,True,0.002086653453073674,0.0,0.014932873179611651,3854.0,False,11.31884524211144,0.603418284789644,-29.856111526489258,206.72784423828125,20.46562385559082,-60.61562728881836,1.022165060043335,0.0016328009248806688,0.0,0.011543347997572815,0.002339973740539309,0.0,0.014835690989077669,0.0022842977903755847,0.0,0.016056394114077673,True,Verified exact native product; normal-operation evidence; label and errata audit; determined archive timing; clean overall and every RGB band; finite on-planet geometry
JNCR_2017139_06C00121_V02,6.0,2017-05-19 06:20:42.312,2,True,True,0.002289145854564338,0.0,0.015492263349514562,4674.0,False,16.67813852951525,0.5307241100323624,-41.591617584228516,200.6590576171875,24.80423927307129,-77.66722106933594,-2.8096888065338135,0.002231813640046409,0.0,0.013676615594660194,0.0017398965386631261,0.0,0.015847807949029125,0.0026834968597846624,0.0,0.015928398058252427,True,Verified exact native product; normal-operation evidence; label and errata audit; determined archive timing; clean overall and every RGB band; finite on-planet geometry
JNCR_2017139_06C00122_V02,6.0,2017-05-19 06:29:47.226,2,True,True,0.0014554720306983765,0.0,0.016255499089805826,5173.0,False,27.592028298948467,0.4726604638619202,-53.76768112182617,190.0067596435547,17.944631576538086,-89.63257598876953,-7.808414459228516,0.0013516638683044725,0.0,0.015359526699029126,0.0015451005103233643,0.0,0.01572455248786408,0.0012994780308910841,0.0,0.01827736271237864,True,Verified exact native product; normal-operation evidence; label and errata audit; determined archive timing; clean overall and every RGB band; finite on-planet geometry
JNCR_2017139_06C00123_V02,6.0,2017-05-19 06:37:51.858,2,True,True,0.0016215710827959754,0.0,0.018632907311893203,5173.0,False,37.60143178979443,0.43672886326860844,-68.73684692382812,168.5888214111328,26.70418357849121,-89.84354400634766,-12.534290313720703,0.0014960657150490497,0.0,0.016767483313106797,0.0016651000627671414,0.0,0.01691681204490291,0.0013997497238604968,0.0,0.02011908373786408,True,Verified exact native product; normal-operation evidence; label and errata audit; determined archive timing; clean overall and every RGB band; finite on-planet geometry
JNCR_2017139_06C00124_V02,6.0,2017-05-19 06:42:54.756,2,True,True,0.001567461484216198,0.0,0.03129503564927184,5091.0,False,44.04887764492255,0.44312008784096163,-64.8293228149414,175.0193634033203,14.47209644317627,-89.94770050048828,-14.533105850219727,0.001567461484216198,0.0,0.02655444098907767,0.0016392668546789332,0.0,0.024015852548543687,0.0011261222481302748,0.0,0.04533193643810679,True,Verified exact native product; normal-operation evidence; label and errata audit; determined archive timing; clean overall and every RGB band; finite on-planet geometry
JNCR_2017139_06C00125_V02,6.0,2017-05-19 06:48:58.252,2,True,True,0.0017305054507501185,0.0,0.04222921723300971,5263.0,False,51.94129961611374,0.3887829403606103,-72.63648986816406,158.17950439453125,14.499923706054688,-89.8289566040039,-16.243501663208008,0.001878944714646651,0.0,0.039218939623786406,0.001832030977323633,0.0,0.030349287014563107,0.001613895213473803,0.0,0.06030984526699029,True,Verified exact native product; normal-operation evidence; label and errata audit; determined archive timing; clean overall and every RGB band; finite on-planet geometry
JNCR_2017139_06C00126_V02,6.0,2017-05-19 06:55:01.810,2,True,True,0.0014741628370916772,0.0,0.054945862408980584,5350.0,False,59.8720482496712,0.4011259439050701,-78.3710708618164,122.22915649414062,18.467233657836914,-89.828857421875,-17.90264129638672,0.0016107001506008994,0.0,0.05350946222694175,0.0016857322120496156,0.0,0.037026414593446605,0.0014617210238843136,0.0,0.06560983009708737,True,Verified exact native product; normal-operation evidence; label and errata audit; determined archive timing; clean overall and every RGB band; finite on-planet geometry
JNCR_2017139_06C00127_V02,6.0,2017-05-19 07:01:05.485,2,True,True,0.001687109455094005,0.0,0.06198801577669903,5350.0,False,67.76783142192625,0.3575714670981661,-75.88325500488281,64.30345153808594,27.60607147216797,-89.91165924072266,-19.042463302612305,0.0022712920044378466,0.0,0.06483948346480584,0.0018037374624933944,0.0,0.04213914593446602,0.001478782635477969,0.0,0.07665541565533981,True,Verified exact native product; normal-operation evidence; label and errata audit; determined archive timing; clean overall and every RGB band; finite on-planet geometry
JNCR_2017139_06C00128_V01,6.0,2017-05-19 07:07:08.797,1,True,True,0.0014621468704125913,0.0,0.07832173467839806,5350.0,False,75.47172272842192,0.31728694714131606,-72.49308013916016,45.19258499145508,28.41131591796875,-89.82720947265625,-20.685401916503906,0.0014294573274491007,0.0,0.08680976941747573,0.0014382067971924154,0.0,0.06086449484223301,0.0014995186465308983,0.0,0.10069260087985438,True,Verified exact native product; normal-operation evidence; label and errata audit; determined archive timing; clean overall and every RGB band; finite on-planet geometry
JNCR_2017139_06C00129_V02,6.0,2017-05-19 07:12:42.219,2,True,True,0.0013692888635015656,0.0,0.06728088971480582,5263.0,False,81.90531484195952,0.335376213592233,-81.59990692138672,124.6532211303711,10.851608276367188,-89.71817779541016,-20.625167846679688,0.001486930689228868,0.0,0.06891639487257281,0.0014756094054320496,0.0,0.050451778671116505,0.0012954332596634187,0.0,0.08014212302791263,True,Verified exact native product; normal-operation evidence; label and errata audit; determined archive timing; clean overall and every RGB band; finite on-planet geometry
JNCR_2017139_06C00131_V02,6.0,2017-05-19 07:19:15.878,2,True,True,0.0017888471769966475,0.0,0.10501839350728155,5350.0,False,89.72671890872616,0.2934061488673139,-83.75456237792969,103.4805679321289,10.095853805541992,-89.81035614013672,-17.541425704956055,0.0021156590987819125,0.0,0.11381930749393204,0.0018496560379929671,0.0,0.08177051729368932,0.0014195106418373486,0.0,0.1260453011225728,True,Verified exact native product; normal-operation evidence; label and errata audit; determined archive timing; clean overall and every RGB band; finite on-planet geometry
JNCR_2017139_06C00132_V01,6.0,2017-05-19 07:25:19.694,1,True,True,0.001483181016060205,0.0,0.1073365442961165,5350.0,False,96.72531995085964,0.2599312297734628,-77.97942352294922,27.182348251342773,9.175517082214355,-89.92839813232422,-14.878581047058105,0.0014802602164434046,0.0,0.11398522830703883,0.0017768736392711182,0.0,0.08106416868932038,0.001483181016060205,0.0,0.12748407160194175,True,Verified exact native product; normal-operation evidence; label and errata audit; determined archive timing; clean overall and every RGB band; finite on-planet geometry
JNCR_2017139_06C00133_V02,6.0,2017-05-19 07:30:52.815,2,True,True,0.0015866057920413405,0.0,0.12577745752427183,5177.0,False,103.09820993403838,0.2348098705501618,-76.39149475097656,15.278948783874512,8.241064071655273,-89.68046569824219,-12.696006774902344,0.0022390697828454705,0.0,0.13748198574029125,0.0012434816930892059,0.0,0.0967602776092233,0.0015397144832443206,0.0,0.14930502882281554,True,Verified exact native product; normal-operation evidence; label and errata audit; determined archive timing; clean overall and every RGB band; finite on-planet geometry
JNCR_2017244_08C00105_V02,8.0,2017-09-01 21:04:45.597,2,True,True,0.0010953863609635935,0.0,0.17435907160194175,3269.0,False,47.21212665554377,0.442585529357374,82.118896484375,182.78988647460938,10.647314071655273,28.342086791992188,89.86386108398438,0.0012060809001311315,0.0,0.1737499051881068,0.0011553992827446173,0.0,0.15443435224514562,0.0010657463343124274,0.0,0.20172178398058252,True,Verified exact native product; normal-operation evidence; label and errata audit; determined archive timing; clean overall and every RGB band; finite on-planet geometry
JNCR_2017244_08C00107_V02,8.0,2017-09-01 21:15:17.854,2,True,True,0.0012452927694222478,0.0,0.09148873634708737,3367.0,False,33.84840016298738,0.5053979571197411,70.83876037597656,80.69439697265625,16.945131301879883,26.234485626220703,89.9269790649414,0.0012855990326687407,0.0,0.09148873634708737,0.0010953950216992265,0.0,0.06635884405339806,0.0013637281102461657,0.0,0.1104345229065534,True,Verified exact native product; normal-operation evidence; label and errata audit; determined archive timing; clean overall and every RGB band; finite on-planet geometry
JNCR_2017244_08C00108_V02,8.0,2017-09-01 21:29:19.822,2,True,True,0.0011545878119355278,0.0,0.015162792020631068,4286.0,False,16.830890475272604,0.6085715569938871,55.89691162109375,52.79487609863281,9.128433227539062,18.350833892822266,89.62068176269531,0.0011909603588611036,0.0,0.014958946450242719,0.0012338797580344909,0.0,0.015302639563106797,0.0011367092567454045,0.0,0.014797766231796117,True,Verified exact native product; normal-operation evidence; label and errata audit; determined archive timing; clean overall and every RGB band; finite on-planet geometry
JNCR_2017244_08C00109_V02,8.0,2017-09-01 21:31:19.712,2,True,True,0.001355112755420947,0.0,0.01550174453883495,3586.0,False,14.702595242539273,0.5698321197411004,48.95127487182617,52.82975769042969,14.658265113830566,17.027463912963867,89.4033432006836,0.0012288347897690308,0.0,0.015122496966019416,0.0012902180295116246,0.0,0.015734033677184466,0.0015209448802848643,0.0,0.014906799908980584,True,Verified exact native product; normal-operation evidence; label and errata audit; determined archive timing; clean overall and every RGB band; finite on-planet geometry
JNCR_2017244_08C00110_V02,8.0,2017-09-01 21:37:50.415,2,True,True,0.001546441977157375,0.0,0.014894948422330096,3613.0,False,8.673432919331404,0.6562398867313916,36.639488220214844,47.3036003112793,15.336082458496094,10.837016105651855,67.0249252319336,0.001556632308494736,0.0,0.014368742415048544,0.0013302053253894794,0.0,0.01404638197815534,0.0017273333690514046,0.0,0.01551122572815534,True,Verified exact native product; normal-operation evidence; label and errata audit; determined archive timing; clean overall and every RGB band; finite on-planet geometry
JNCR_2017244_08C00111_V02,8.0,2017-09-01 21:40:20.782,2,True,True,0.00164680403482212,0.0,0.014702954338592233,3656.0,False,6.793290095596215,0.691211569579288,30.898344039916992,45.63631820678711,17.096107482910156,8.293262481689453,57.28940200805664,0.001671281682546858,0.0,0.010780112257281553,0.0018509818684358335,0.0,0.014830950394417475,0.0014031205861410778,0.0,0.015165162317961165,True,Verified exact native product; normal-operation evidence; label and errata audit; determined archive timing; clean overall and every RGB band; finite on-planet geometry
JNCR_2017244_08C00112_V02,8.0,2017-09-01 21:42:50.704,2,True,True,0.0018368210819617356,0.0,0.014311855279126214,3578.0,False,5.256882846748057,0.6584749190938511,25.2844295501709,43.89257049560547,18.06867218017578,5.201684951782227,47.69493103027344,0.001986221192429127,0.0,0.0104174567657767,0.001642889292574844,0.0,0.014378223604368932,0.0022427643245641537,0.0,0.015124867263349514,True,Verified exact native product; normal-operation evidence; label and errata audit; determined archive timing; clean overall and every RGB band; finite on-planet geometry
JNCR_2017244_08C00113_V02,8.0,2017-09-01 21:46:51.215,2,True,True,0.0018382951175970525,0.0,0.013686096783980584,3699.0,False,3.700637685007957,0.6947263901147396,14.966083526611328,41.24333572387695,20.664581298828125,-1.6607791185379028,32.8419075012207,0.001724219942220611,0.0,0.009616296268203883,0.0017218792019567059,0.0,0.014202821601941747,0.0024009121830033853,0.0,0.01528367718446602,True,Verified exact native product; normal-operation evidence; label and errata audit; determined archive timing; clean overall and every RGB band; finite on-planet geometry
JNCR_2017244_08C00114_V02,8.0,2017-09-01 21:49:21.520,2,True,True,0.002943132048664545,0.0,0.013596025485436893,4044.0,False,3.4038822492645835,0.7015482494851427,8.34042739868164,39.42613983154297,22.17491340637207,-7.611570358276367,25.25078582763672,0.003033117747888812,0.0,0.010524120145631068,0.0015288137054076697,0.0,0.013510694781553399,0.0033010285963804746,0.0,0.014774063258495146,True,Verified exact native product; normal-operation evidence; label and errata audit; determined archive timing; clean overall and every RGB band; finite on-planet geometry
JNCR_2017244_08C00116_V02,8.0,2017-09-01 21:54:22.031,2,True,True,0.002124147562693017,0.0,0.011804080703883495,4388.0,False,4.532947348423224,0.6664735951750514,-4.815133094787598,35.230106353759766,24.592041015625,-23.59699058532715,13.88264274597168,0.002627766616353877,0.0,0.009440894265776698,0.0024410769221479113,0.0,0.011761415351941747,0.0017620727601335173,0.0,0.015015833586165048,True,Verified exact native product; normal-operation evidence; label and errata audit; determined archive timing; clean overall and every RGB band; finite on-planet geometry
JNCR_2017244_08C00117_V02,8.0,2017-09-01 21:58:52.898,2,True,True,0.0029065394216168236,0.0,0.014039271086165048,4646.0,False,7.329203132800828,0.660325647249191,-16.544757843017578,30.634889602661133,27.603525161743164,-40.353389739990234,7.660244464874268,0.0033901684012204447,0.0,0.009865177487864078,0.002417507141537413,0.0,0.01357469280946602,0.0027305180983337477,0.0,0.01672481796116505,True,Verified exact native product; normal-operation evidence; label and errata audit; determined archive timing; clean overall and every RGB band; finite on-planet geometry
JNCR_2017244_08C00118_V02,8.0,2017-09-01 22:03:23.523,2,True,True,0.0025088302909052787,0.0,0.014010827518203883,4912.0,False,11.332474727744,0.5834344660194175,-26.973712921142578,25.218698501586914,28.832138061523438,-56.35321044921875,2.7349860668182373,0.0026760377025821834,0.0,0.010976846935679612,0.002174523962927248,0.0,0.014349780036407767,0.003054511895826588,0.0,0.016205722845873786,True,Verified exact native product; normal-operation evidence; label and errata audit; determined archive timing; clean overall and every RGB band; finite on-planet geometry
JNCR_2017244_08C00119_V02,8.0,2017-09-01 22:05:54.265,2,True,True,0.0030918382645690762,0.0,0.013913645327669904,6433.0,False,13.901973770452715,0.543213996763754,-33.26432800292969,21.472030639648438,31.99274444580078,-65.7080307006836,0.4837254583835602,0.0029166497881314684,0.0,0.011896522299757281,0.0030066665641406676,0.0,0.013332922481796117,0.0034412264821003574,0.0,0.016760372421116505,True,Verified exact native product; normal-operation evidence; label and errata audit; determined archive timing; clean overall and every RGB band; finite on-planet geometry
JNCR_2017244_08C00120_V02,8.0,2017-09-01 22:07:54.616,2,True,True,0.0021135930865433107,0.0,0.01494235436893204,13245.0,False,16.090190854726522,0.5131067961165049,-37.37388610839844,18.415510177612305,32.483116149902344,-72.96138000488281,-0.23145683109760284,0.0021147213266399876,0.0,0.012057702518203883,0.0022501154464135186,0.0,0.014124601790048544,0.0014198351062393935,0.0,0.017101695236650484,True,Verified exact native product; normal-operation evidence; label and errata audit; determined archive timing; clean overall and every RGB band; finite on-planet geometry
JNCR_2017244_08C00121_V01,8.0,2017-09-01 22:11:25.577,1,True,True,0.0014160072514618066,0.0,0.016776964502427185,5779.0,False,20.043155902114478,0.5153047464940669,-39.04893493652344,15.582904815673828,25.66131591796875,-83.85221099853516,-3.2148425579071045,0.0015142801547292305,0.0,0.013112484830097087,0.0015232861015141534,0.0,0.015395081158980584,0.0012609080645891034,0.0,0.018080628033980584,True,Verified exact native product; normal-operation evidence; label and errata audit; determined archive timing; clean overall and every RGB band; finite on-planet geometry
JNCR_2017244_08C00122_V02,8.0,2017-09-01 22:14:26.584,2,True,True,0.0017252251703835431,0.0,0.01754731113470874,6806.0,False,23.471037496337747,0.47218851132686085,-45.12857437133789,10.256669044494629,26.539485931396484,-89.79788208007812,-4.598990440368652,0.0018043278524870275,0.0,0.014439851334951456,0.0021287497432438207,0.0,0.015997136680825242,0.0013822551486480836,0.0,0.01886519645024272,True,Verified exact native product; normal-operation evidence; label and errata audit; determined archive timing; clean overall and every RGB band; finite on-planet geometry
JNCR_2017244_08C00123_V02,8.0,2017-09-01 22:18:57.994,2,True,True,0.001706523135024568,0.0,0.017224950697815534,5163.0,False,28.893324941905945,0.47027963187702265,-53.29484176635742,0.5331120491027832,29.261247634887695,-88.19390106201172,-6.593841075897217,0.0021288679488285847,0.0,0.015489893052184466,0.0021645184050922686,0.0,0.01716332296723301,0.0016326737774574223,0.0,0.017947891383495146,True,Verified exact native product; normal-operation evidence; label and errata audit; determined archive timing; clean overall and every RGB band; finite on-planet geometry
JNCR_2017244_08C00124_V02,8.0,2017-09-01 22:34:02.817,2,True,True,0.0017666860854524936,0.0,0.021351638349514562,5163.0,False,47.56726366716349,0.3895920018492834,-64.67845153808594,338.38641357421875,21.991788864135742,-89.88362884521484,-13.90483283996582,0.0022984785808922263,0.0,0.018803568719660192,0.0020879844239851952,0.0,0.020258931280339808,0.0014505278348754896,0.0,0.03213649120145631,True,Verified exact native product; normal-operation evidence; label and errata audit; determined archive timing; clean overall and every RGB band; finite on-planet geometry
JNCR_2017244_08C00125_V02,8.0,2017-09-01 22:48:07.101,2,True,True,0.0014583858903456548,0.0,0.0574536369842233,5421.0,False,65.92901435420674,0.352514832793959,-73.32312774658203,294.07684326171875,21.510425567626953,-89.82050323486328,-17.137348175048828,0.001961534446132483,0.0,0.057285345873786406,0.0017255557107902597,0.0,0.04019313182645631,0.0013310704465014436,0.0,0.07396986878033981,True,Verified exact native product; normal-operation evidence; label and errata audit; determined archive timing; clean overall and every RGB band; finite on-planet geometry
JNCR_2017244_08C00126_V01,8.0,2017-09-01 23:04:42.975,1,True,True,0.0017147455494578305,0.0,0.06873151168082525,5421.0,False,86.64872937501198,0.31069983818770225,-78.8896255493164,299.7178649902344,12.955352783203125,-89.70667266845703,-18.499835968017578,0.0016958809049529055,0.0,0.0704689396237864,0.0020744603967223774,0.0,0.05150656098300971,0.0014031509322405492,0.0,0.08379238091626214,True,Verified exact native product; normal-operation evidence; label and errata audit; determined archive timing; clean overall and every RGB band; finite on-planet geometry
JNCR_2018091_12C00082_V02,12.0,2018-04-01 09:28:05.092,2,True,True,0.003448542155462874,0.0,0.017796192354368932,5060.0,False,15.663863129679356,0.5422633495145631,52.5868034362793,255.3536834716797,25.42347526550293,19.841474533081055,89.78416442871094,0.002971864371850051,0.0,0.015475671268203883,0.0029314998549449574,0.0,0.0164403822815534,0.004145053088822906,0.0,0.021131200697815534,True,Verified exact native product; normal-operation evidence; label and errata audit; determined archive timing; clean overall and every RGB band; finite on-planet geometry
JNCR_2018091_12C00084_V02,12.0,2018-04-01 09:32:40.447,2,True,True,0.0032572728548253055,0.0,0.015774328731796114,5146.0,False,11.026003237728373,0.6083940129449839,44.31330871582031,253.0648193359375,24.477886199951172,16.10194969177246,78.21942901611328,0.00317152521949861,0.0,0.015231530643203883,0.0032645999358096164,0.0,0.015826475273058253,0.0035732717811431947,0.0,0.015508855430825242,True,Verified exact native product; normal-operation evidence; label and errata audit; determined archive timing; clean overall and every RGB band; finite on-planet geometry
JNCR_2018091_12C00085_V02,12.0,2018-04-01 09:36:14.318,2,True,True,0.003162973856720897,0.0,0.015115386074029126,5060.0,False,7.919223526259724,0.6636933656957928,37.16561508178711,251.09083557128906,22.855464935302734,12.491809844970703,65.00836944580078,0.002308018154010971,0.0,0.013271294751213593,0.0029904379425143533,0.0,0.015525447512135922,0.004099820101046437,0.0,0.016167798088592235,True,Verified exact native product; normal-operation evidence; label and errata audit; determined archive timing; clean overall and every RGB band; finite on-planet geometry
JNCR_2018091_12C00086_V02,12.0,2018-04-01 09:38:47.127,2,True,True,0.003169969791665934,0.0,0.014136453276699028,5146.0,False,6.069903694580185,0.7032362459546926,31.295564651489258,249.50469970703125,22.10187530517578,9.46117115020752,55.348548889160156,0.0026249949475947902,0.0,0.013214407615291262,0.0030831761919212185,0.0,0.013389809617718447,0.005788256771399511,0.0,0.015297898968446601,True,Verified exact native product; normal-operation evidence; label and errata audit; determined archive timing; clean overall and every RGB band; finite on-planet geometry
JNCR_2018091_12C00087_V02,12.0,2018-04-01 09:42:20.826,2,True,True,0.0027821701977693144,0.0,0.01374535421723301,5103.0,False,4.193155710302546,0.6830409679317446,22.60774803161621,247.0203857421875,20.84440040588379,4.222622394561768,41.70237350463867,0.0018524933452772402,0.0,0.01201266686893204,0.003237425801503836,0.0,0.01334003337378641,0.003947012034085075,0.0,0.015200716777912621,True,Verified exact native product; normal-operation evidence; label and errata audit; determined archive timing; clean overall and every RGB band; finite on-planet geometry
JNCR_2018091_12C00088_V02,12.0,2018-04-01 09:45:55.040,2,True,True,0.002093234876158803,0.0,0.013588914593446601,4635.0,False,3.339937311796129,0.7072668431891733,13.100457191467285,244.11688232421875,19.587963104248047,-2.881063222885132,29.54937171936035,0.0015827070350497362,0.0,0.010227832979368932,0.0014699439563015029,0.0,0.012683461013349516,0.0037088914464082374,0.0,0.014641326608009708,True,Verified exact native product; normal-operation evidence; label and errata audit; determined archive timing; clean overall and every RGB band; finite on-planet geometry
JNCR_2018091_12C00089_V02,12.0,2018-04-01 09:48:58.462,2,True,True,0.001945592186124509,0.0,0.013792760163834952,5188.0,False,3.5129479801547525,0.7023021476904973,5.089737892150879,241.42889404296875,18.107236862182617,-11.798681259155273,21.756855010986328,0.001242944853243697,0.0,0.010282349817961164,0.0013818232079904928,0.0,0.01281856796116505,0.004087706317896334,0.0,0.014660288986650486,True,Verified exact native product; normal-operation evidence; label and errata audit; determined archive timing; clean overall and every RGB band; finite on-planet geometry
JNCR_2018091_12C00090_V02,12.0,2018-04-01 09:52:02.126,2,True,True,0.0034753486362880818,0.0,0.013060338288834952,5358.0,False,4.495837934205171,0.6755939246837305,-2.88928484916687,238.53329467773438,16.89995765686035,-22.600173950195312,15.895702362060547,0.005442772234497282,0.0,0.00965185072815534,0.0025707745108751534,0.0,0.01101951228762136,0.005078669378959176,0.0,0.014982649423543689,True,Verified exact native product; normal-operation evidence; label and errata audit; determined archive timing; clean overall and every RGB band; finite on-planet geometry
JNCR_2018091_12C00091_V02,12.0,2018-04-01 09:57:08.465,2,True,True,0.002825242019433222,0.0,0.014634215716019416,5529.0,False,7.662978445273161,0.6706007281553398,-15.7955961227417,233.31842041015625,16.843679428100586,-40.65489959716797,9.102741241455078,0.0026246728356549448,0.0,0.009400599211165048,0.0028932167769964616,0.0,0.012671609526699028,0.002518709282967672,0.0,0.01601372876213592,True,Verified exact native product; normal-operation evidence; label and errata audit; determined archive timing; clean overall and every RGB band; finite on-planet geometry
JNCR_2018091_12C00092_V02,12.0,2018-04-01 10:01:13.328,2,True,True,0.002438825754306942,0.0,0.014845172178398057,5433.0,False,11.233744723104003,0.6112156148867314,-25.037212371826172,229.137939453125,15.315507888793945,-55.770145416259766,5.456009864807129,0.0021718539162606573,0.0,0.010284720115291262,0.002552482188726528,0.0,0.013195445236650486,0.003378068392935017,0.0,0.01581936438106796,True,Verified exact native product; normal-operation evidence; label and errata audit; determined archive timing; clean overall and every RGB band; finite on-planet geometry
JNCR_2018091_12C00093_V02,12.0,2018-04-01 10:04:48.086,2,True,True,0.0023192217294724427,0.0,0.015129607858009708,14128.0,False,14.897055498593513,0.5620246763754045,-33.67959976196289,224.72378540039062,19.744829177856445,-68.5282974243164,2.5781965255737305,0.001889007017419637,0.0,0.013212037317961165,0.0023877972710376542,0.0,0.01503005537014563,0.0027106980520604515,0.0,0.016004247572815534,True,Verified exact native product; normal-operation evidence; label and errata audit; determined archive timing; clean overall and every RGB band; finite on-planet geometry
JNCR_2018091_12C00094_V02,12.0,2018-04-01 10:09:54.820,2,True,True,0.0011342623231991595,0.0,0.015110645479368932,29519.0,False,20.73194356627697,0.5540722761596548,-39.58317565917969,222.30569458007812,4.461697101593018,-83.75187683105469,-0.44501185417175293,0.0016712954518007313,0.0,0.012958415503640776,0.0011392826426406396,0.0,0.01479539593446602,0.0009824223479593876,0.0,0.016165427791262135,True,Verified exact native product; normal-operation evidence; label and errata audit; determined archive timing; clean overall and every RGB band; finite on-planet geometry
JNCR_2018091_12C00099_V02,12.0,2018-04-01 10:16:03.315,2,True,True,0.0012380081059463824,0.0,0.015539669296116505,11062.0,False,28.58236899230767,0.5448017799352751,-52.84380340576172,214.09988403320312,13.880481719970703,-89.71482849121094,-3.9904096126556396,0.0015332721213954675,0.0,0.014221783980582523,0.001354726238323496,0.0,0.015539669296116505,0.0010194872392501422,0.0,0.01924918461771845,True,Verified exact native product; normal-operation evidence; label and errata audit; determined archive timing; clean overall and every RGB band; finite on-planet geometry
JNCR_2018091_12C00100_V02,12.0,2018-04-01 10:24:44.924,2,True,True,0.0011132790615715482,0.0,0.039074351486650484,10966.0,False,40.2320095809561,0.4470191140776699,-68.76900482177734,199.99476623535156,23.331039428710938,-89.8045654296875,-7.836405277252197,0.0011793299997136706,0.0,0.03054839199029126,0.0010797391875625524,0.0,0.030188106796116505,0.0010838656836613491,0.0,0.06678786787014562,True,Verified exact native product; normal-operation evidence; label and errata audit; determined archive timing; clean overall and every RGB band; finite on-planet geometry
JNCR_2018091_12C00101_V02,12.0,2018-04-01 10:36:00.454,2,True,True,0.0018646569535294042,0.0,0.08418585027305825,5188.0,False,54.69898832254661,0.3770948913546001,-76.05776977539062,208.68643188476562,14.464192390441895,-89.93901824951172,-10.866515159606934,0.0020558031763782095,0.0,0.10012372952063106,0.0016052255294030143,0.0,0.07105914365898058,0.0017627599068849582,0.0,0.11363205400485438,True,Verified exact native product; normal-operation evidence; label and errata audit; determined archive timing; clean overall and every RGB band; finite on-planet geometry
JNCR_2018091_12C00102_V02,12.0,2018-04-01 10:46:14.821,2,True,True,0.0021010370569755007,0.0,0.12822834496359226,4677.0,False,67.40866044136881,0.3442725188781014,-82.19004821777344,31.345199584960938,33.16383361816406,-89.81978607177734,-14.178228378295898,0.0021432621707798407,0.0,0.13291916337985438,0.0018961819013384724,0.0,0.10905263956310679,0.002449320874641474,0.0,0.1480250682645631,True,Verified exact native product; normal-operation evidence; label and errata audit; determined archive timing; clean overall and every RGB band; finite on-planet geometry
JNCR_2018091_12C00103_V02,12.0,2018-04-01 10:55:58.148,2,True,True,0.0018831012378587612,0.0,0.04139250227548544,4766.0,False,79.13028719251906,0.33663025889967635,-77.97398376464844,264.21478271484375,25.822021484375,-89.9167251586914,-16.456262588500977,0.002357229496505207,0.0,0.04547652457524272,0.0018134396214438426,0.0,0.029806488925970875,0.001898688624079053,0.0,0.07174890018203883,True,Verified exact native product; normal-operation evidence; label and errata audit; determined archive timing; clean overall and every RGB band; finite on-planet geometry
JNCR_2018091_12C00104_V01,12.0,2018-04-01 11:06:12.062,1,True,True,0.0023346404191921656,0.0,0.08563410194174757,4652.0,False,91.47132472935837,0.2809870550161812,-74.041015625,292.185302734375,31.70440101623535,-89.66239929199219,-17.288602828979492,0.0023034311574754783,0.0,0.09321431280339806,0.0023966018854514656,0.0,0.050942430218446605,0.002310504602876761,0.0,0.11821857933859223,True,Verified exact native product; normal-operation evidence; label and errata audit; determined archive timing; clean overall and every RGB band; finite on-planet geometry
JNCR_2018091_12C00105_V02,12.0,2018-04-01 11:09:47.249,2,True,True,0.0022271933725475667,0.0,0.06500540427791263,4482.0,False,95.6705360101019,0.2641788025889968,-70.54052734375,319.15118408203125,34.248294830322266,-88.8935317993164,-15.905523300170898,0.0025735878865741973,0.0,0.06626166186286409,0.00216358408583395,0.0,0.03664716702063107,0.002152070334364223,0.0,0.07891667930825243,True,Verified exact native product; normal-operation evidence; label and errata audit; determined archive timing; clean overall and every RGB band; finite on-planet geometry
JNCR_2019043_18C00019_V02,18.0,2019-02-12 16:58:00.212,2,True,True,0.001722346615786935,0.0,0.13985228307038836,2905.0,False,37.47728764893163,0.46488167475728154,71.19905090332031,245.7864227294922,18.784486770629883,26.18815803527832,89.89197540283203,0.0015847119831313937,0.0,0.27192525030339804,0.0019587243279531943,0.0,0.08511500682645631,0.0016150221346449517,0.0,0.05803910042475728,True,Verified exact native product; normal-operation evidence; label and errata audit; determined archive timing; clean overall and every RGB band; finite on-planet geometry
JNCR_2019043_18C00020_V02,18.0,2019-02-12 16:59:30.583,2,True,True,0.0010847343377959288,0.0,0.19063353307038836,3139.0,False,35.58728613753917,0.48716879045307443,71.3989486694336,234.888671875,19.081300735473633,26.8912296295166,89.73159790039062,0.0011431175908814773,0.0,0.18972570919296117,0.0011571060172024376,0.0,0.15147859147451456,0.001031068155316858,0.0,0.20977842460558252,True,Verified exact native product; normal-operation evidence; label and errata audit; determined archive timing; clean overall and every RGB band; finite on-planet geometry
JNCR_2019043_18C00022_V02,18.0,2019-02-12 17:02:00.606,2,True,True,0.001576948107088188,0.0,0.05556213971480582,3283.0,False,32.426213728862756,0.517407463592233,75.11231994628906,216.05404663085938,9.640646934509277,28.162294387817383,89.8930892944336,0.0015523244749707124,0.0,0.06579471328883495,0.0015261830834230753,0.0,0.049223964654126214,0.0015888776435849564,0.0,0.04706225348907767,True,Verified exact native product; normal-operation evidence; label and errata audit; determined archive timing; clean overall and every RGB band; finite on-planet geometry
JNCR_2019043_18C00023_V02,18.0,2019-02-12 17:04:00.997,2,True,True,0.0017372919473366162,0.0,0.052193947208737865,3635.0,False,29.915312108389916,0.5418183656957929,73.85066223144531,199.97250366210938,9.905508995056152,27.59514045715332,89.87279510498047,0.0016549721960482282,0.0,0.047299283222087374,0.0015856500206058066,0.0,0.03760476714199029,0.0017415543452787294,0.0,0.08468361271237865,True,Verified exact native product; normal-operation evidence; label and errata audit; determined archive timing; clean overall and every RGB band; finite on-planet geometry
JNCR_2019043_18C00024_V02,18.0,2019-02-12 17:06:31.340,2,True,True,0.0018065329384891167,0.0,0.059309579793689324,3965.0,False,26.856975311508286,0.5708181634304207,71.79003143310547,182.2626190185547,9.852907180786133,28.5511531829834,89.88949584960938,0.001966343876806914,0.0,0.04543859981796117,0.0016019249714893978,0.0,0.0397095911711165,0.0019954410513084385,0.0,0.0875587833737864,True,Verified exact native product; normal-operation evidence; label and errata audit; determined archive timing; clean overall and every RGB band; finite on-planet geometry
JNCR_2019043_18C00025_V02,18.0,2019-02-12 17:10:01.551,2,True,True,0.0016069713631189442,0.0,0.04649812272451456,5095.0,False,22.87456281853616,0.5377337288745055,67.80128479003906,161.87722778320312,12.48196792602539,27.487438201904297,87.69023895263672,0.0015593049390893446,0.0,0.036215772906553395,0.0016753177162039275,0.0,0.037758836468446605,0.001551281466955691,0.0,0.062417039593446605,True,Verified exact native product; normal-operation evidence; label and errata audit; determined archive timing; clean overall and every RGB band; finite on-planet geometry
JNCR_2019043_18C00026_V02,18.0,2019-02-12 17:12:31.641,2,True,True,0.002186741299082904,0.0,0.022603155339805826,4512.0,False,20.251753517588398,0.5581850053937433,63.899845123291016,151.58831787109375,17.725051879882812,25.975467681884766,81.62850952148438,0.0016517562908214848,0.0,0.019962644114077673,0.0025440148176516407,0.0,0.017691899271844662,0.0026445411660076293,0.0,0.03068586923543689,True,Verified exact native product; normal-operation evidence; label and errata audit; determined archive timing; clean overall and every RGB band; finite on-planet geometry
JNCR_2019043_18C00027_V02,18.0,2019-02-12 17:15:02.105,2,True,True,0.002284243115998737,0.0,0.018161218143203883,4293.0,False,17.730160824108488,0.5759618842143114,58.78166961669922,146.76092529296875,22.324661254882812,24.12919044494629,75.8617172241211,0.0014877784539753444,0.0,0.01813040427791262,0.0018912652935615154,0.0,0.016976069478155338,0.0029800643047651265,0.0,0.026535478610436893,True,Verified exact native product; normal-operation evidence; label and errata audit; determined archive timing; clean overall and every RGB band; finite on-planet geometry
JNCR_2019043_18C00028_V02,18.0,2019-02-12 17:17:32.160,2,True,True,0.0022883542264593073,0.0,0.017881523058252427,4417.0,False,15.321318749674848,0.534617718446602,51.88169479370117,147.9055938720703,30.062318801879883,22.60512351989746,70.72376251220703,0.00188345888129904,0.0,0.01525997421116505,0.002558983880193577,0.0,0.01750464578276699,0.0026775421206318146,0.0,0.026187044902912623,True,Verified exact native product; normal-operation evidence; label and errata audit; determined archive timing; clean overall and every RGB band; finite on-planet geometry
JNCR_2019043_18C00029_V01,18.0,2019-02-12 17:20:32.668,1,True,True,0.0022042254646592397,0.0,0.01743116656553398,4512.0,False,12.59937050675201,0.5467233009708737,45.896453857421875,142.21063232421875,35.65167236328125,20.743940353393555,64.96671295166016,0.002090641721000612,0.0,0.015198346480582523,0.001988151950926058,0.0,0.016229425819174758,0.002672851655001058,0.0,0.019000303398058253,True,Verified exact native product; normal-operation evidence; label and errata audit; determined archive timing; clean overall and every RGB band; finite on-planet geometry
JNCR_2019043_18C00030_V02,18.0,2019-02-12 17:23:02.628,2,True,True,0.001996890576517134,0.0,0.01663474666262136,4747.0,False,10.486906425497223,0.5514461974110032,41.15182876586914,136.89608764648438,39.22356033325195,19.001609802246094,60.271759033203125,0.0019167539234605734,0.0,0.013750094811893203,0.0018475338525993144,0.0,0.016302905036407765,0.0026178084181150965,0.0,0.019599988622572815,True,Verified exact native product; normal-operation evidence; label and errata audit; determined archive timing; clean overall and every RGB band; finite on-planet geometry
JNCR_2019043_18C00031_V02,18.0,2019-02-12 17:25:32.936,2,True,True,0.001773803130855401,0.0,0.01716095266990291,5095.0,False,8.595430760969418,0.5542981391585761,35.71873092651367,133.32351684570312,44.70404052734375,16.066654205322266,54.62526321411133,0.0014240849194782827,0.0,0.013197815533980584,0.0019657827694530595,0.0,0.015625,0.0018301590736317594,0.0,0.01938429156553398,True,Verified exact native product; normal-operation evidence; label and errata audit; determined archive timing; clean overall and every RGB band; finite on-planet geometry
JNCR_2019043_18C00044_V02,18.0,2019-02-12 18:10:00.093,2,True,True,0.0010944900076726256,0.0,0.05985711847694175,9843.0,False,37.04832161849682,0.22070944579288027,-2.8623740673065186,76.76143646240234,88.11085510253906,-43.54153823852539,-2.360193967819214,0.0009220059491317856,0.0,0.03889657918689321,0.0009686179407912901,0.0,0.04111991808252427,0.0012431227646820062,0.0,0.08979160345873786,True,Verified exact native product; normal-operation evidence; label and errata audit; determined archive timing; clean overall and every RGB band; finite on-planet geometry
JNCR_2019043_18C00045_V02,18.0,2019-02-12 18:15:01.429,2,True,True,0.0012918751471977467,0.0,0.05653159132281553,8095.0,False,42.59106089653782,0.25216712898751736,-11.013484954833984,87.89714050292969,79.92286682128906,-51.64637756347656,-3.4828736782073975,0.0009978152627001652,0.0,0.03948441292475728,0.001102104670818825,0.0,0.04017416944781553,0.0019140940025240338,0.0,0.08493960482402912,True,Verified exact native product; normal-operation evidence; label and errata audit; determined archive timing; clean overall and every RGB band; finite on-planet geometry
JNCR_2019043_18C00046_V02,18.0,2019-02-12 18:20:02.249,2,True,True,0.0017051492509473345,0.0,0.06951608009708737,6080.0,False,48.31477473264412,0.2509101941747573,-21.970779418945312,85.25432586669922,67.97075653076172,-59.83641815185547,-5.332923412322998,0.0015004944011307285,0.0,0.05774755385315534,0.0013753836593053416,0.0,0.04275068264563107,0.002382455732623447,0.0,0.09892909966626215,True,Verified exact native product; normal-operation evidence; label and errata audit; determined archive timing; clean overall and every RGB band; finite on-planet geometry
JNCR_2019043_18C00047_V02,18.0,2019-02-12 18:25:03.549,2,True,True,0.0023172507847125457,0.0,0.07059930597694175,6080.0,False,54.15313349106502,0.24841077207582063,-29.187423706054688,74.88153076171875,59.414920806884766,-67.93584442138672,-6.197677135467529,0.001926844624908337,0.0,0.05333168992718446,0.0023280905456730637,0.0,0.04246150637135922,0.0026330317008443718,0.0,0.09612029733009708,True,Verified exact native product; normal-operation evidence; label and errata audit; determined archive timing; clean overall and every RGB band; finite on-planet geometry
JNCR_2019043_18C00048_V02,18.0,2019-02-12 18:29:34.803,2,True,True,0.002216214004624221,0.0,0.024817013046116505,5996.0,False,59.328765765942556,0.2859526699029126,-32.78632354736328,62.83914566040039,55.85801315307617,-75.53134155273438,-6.8739094734191895,0.002005216059407777,0.0,0.02338061286407767,0.0020624816536307902,0.0,0.019905756978155338,0.002216214004624221,0.0,0.038735398968446605,True,Verified exact native product; normal-operation evidence; label and errata audit; determined archive timing; clean overall and every RGB band; finite on-planet geometry
JNCR_2019043_18C00049_V02,18.0,2019-02-12 18:39:37.083,2,True,True,0.0020302148673084965,0.0,0.039882622876213594,5783.0,False,71.55810272927987,0.2713558522114347,-38.5937614440918,41.766380310058594,51.24875259399414,-89.92487335205078,-9.072959899902344,0.0021287738525034333,0.0,0.030553132584951456,0.0021776052209286642,0.0,0.027957657008495146,0.0018718732397367038,0.0,0.06401461999393204,True,Verified exact native product; normal-operation evidence; label and errata audit; determined archive timing; clean overall and every RGB band; finite on-planet geometry
JNCR_2019043_18C00050_V02,18.0,2019-02-12 18:41:37.513,2,True,True,0.0028589254363578145,0.0,0.028137799605582527,5015.0,False,74.1223799060501,0.2685747033441208,-39.42738342285156,37.65873718261719,50.66459274291992,-89.83478546142578,-8.997557640075684,0.0036552473564270887,0.0,0.08503441671723301,0.003278415937176397,0.0,0.03236878033980582,0.0025312173777190684,0.0,0.021057721480582527,True,Verified exact native product; normal-operation evidence; label and errata audit; determined archive timing; clean overall and every RGB band; finite on-planet geometry
JNCR_2019043_18C00051_V02,18.0,2019-02-12 18:49:39.333,2,True,True,0.0021925480390997633,0.0,0.06574019645024272,5618.0,False,84.55391489722417,0.3015169902912621,-57.4344596862793,62.449607849121094,32.7900276184082,-89.73531341552734,-9.891664505004883,0.002036147315397435,0.0,0.05184788379854369,0.002609667072154336,0.0,0.043684579793689324,0.002228107353684815,0.0,0.09939367794296117,True,Verified exact native product; normal-operation evidence; label and errata audit; determined archive timing; clean overall and every RGB band; finite on-planet geometry
JNCR_2019043_18C00052_V02,18.0,2019-02-12 18:51:39.774,2,True,True,0.0023873041980044247,0.0,0.023702973300970875,4955.0,False,87.26370780764981,0.29639967637540454,-59.312564849853516,58.48444366455078,30.54886245727539,-89.5143051147461,-9.767999649047852,0.0018865579482987406,0.0,0.02716834799757282,0.0031580643404797402,0.0,0.02364134557038835,0.0023873041980044247,0.0,0.02192288000606796,True,Verified exact native product; normal-operation evidence; label and errata audit; determined archive timing; clean overall and every RGB band; finite on-planet geometry
JNCR_2019043_18C00053_V02,18.0,2019-02-12 18:59:41.703,2,True,True,0.0018901058234909035,0.0,0.0462231682342233,5252.0,False,97.41680923973908,0.26409789644012943,-63.80138397216797,30.385622024536133,22.921266555786133,-89.82963562011719,-10.593335151672363,0.002400789385093926,0.0,0.0384959989381068,0.002594760724595895,0.0,0.029986631523058253,0.0016490540396872566,0.0,0.07154979520631068,True,Verified exact native product; normal-operation evidence; label and errata audit; determined archive timing; clean overall and every RGB band; finite on-planet geometry
JNCR_2019043_18C00054_V01,18.0,2019-02-12 19:01:42.169,1,True,True,0.00210297134790537,0.0,0.02500663683252427,4895.0,False,99.73859185341496,0.2528114886731392,-64.2317123413086,22.974613189697266,21.96794891357422,-89.72000885009766,-10.06549072265625,0.002054475821114084,0.0,0.02814965109223301,0.002238799437196342,0.0,0.02499952594053398,0.0019680835085505565,0.0,0.024177032766990292,True,Verified exact native product; normal-operation evidence; label and errata audit; determined archive timing; clean overall and every RGB band; finite on-planet geometry
JNCR_2019360_24C00013_V01,24.0,2019-12-26 16:55:58.069,1,True,True,0.0016951247330388433,0.0,0.22984536180218446,2368.0,False,41.81407732157184,0.4512395977808599,68.34312438964844,87.01722717285156,18.382225036621094,17.025962829589844,89.86772155761719,0.002104690856914354,0.0,0.30010334496359226,0.0017632146182436229,0.0,0.12716171116504854,0.001395809337820493,0.0,0.10968313865291263,True,Verified exact native product; normal-operation evidence; label and errata audit; determined archive timing; clean overall and every RGB band; finite on-planet geometry
JNCR_2019360_24C00015_V01,24.0,2019-12-26 16:59:30.233,1,True,True,0.0011044788126307534,0.0,0.07977235664441748,2807.0,False,37.85110254354316,0.45786559466019416,64.55606079101562,55.26626205444336,19.496551513671875,20.358089447021484,89.89909362792969,0.0014445838401974374,0.0,0.09800231341019418,0.0009849225820661948,0.0,0.06991429004854369,0.0011147382028469876,0.0,0.07366647072208737,True,Verified exact native product; normal-operation evidence; label and errata audit; determined archive timing; clean overall and every RGB band; finite on-planet geometry
JNCR_2019360_24C00017_V01,24.0,2019-12-26 17:04:03.123,1,True,True,0.0009639230304957108,0.0,0.04412782539441748,3064.0,False,32.31166906215289,0.5179257686084142,70.35086822509766,29.366191864013672,8.607531547546387,23.123777389526367,89.92724609375,0.0009986738084886383,0.0,0.029280282918689324,0.0010465355577458932,0.0,0.026021124089805826,0.0008730531865896044,0.0,0.06752503033980582,True,Verified exact native product; normal-operation evidence; label and errata audit; determined archive timing; clean overall and every RGB band; finite on-planet geometry
JNCR_2019360_24C00019_V01,24.0,2019-12-26 17:06:34.931,1,True,True,0.0011292425087527321,0.0,0.11342820843446602,3248.0,False,29.19049838415917,0.5477978357605178,70.02320098876953,12.048322677612305,8.359225273132324,24.595794677734375,89.84996795654297,0.0010004667401367605,0.0,0.1152296344053398,0.0011432634289518253,0.0,0.09841237484830097,0.0014031075587917071,0.0,0.1235446374393204,True,Verified exact native product; normal-operation evidence; label and errata audit; determined archive timing; clean overall and every RGB band; finite on-planet geometry
JNCR_2019360_24C00021_V01,24.0,2019-12-26 17:09:36.759,1,True,True,0.0011286515104869169,0.0,0.06521636074029126,5063.0,False,25.69732136989715,0.5140349694354549,69.43953704833984,350.3452453613281,8.469653129577637,25.77262306213379,89.93678283691406,0.0009110226376658802,0.0,0.05066510543082524,0.0009391937963890021,0.0,0.04997771920509709,0.0016782001786513055,0.0,0.07976998634708737,True,Verified exact native product; normal-operation evidence; label and errata audit; determined archive timing; clean overall and every RGB band; finite on-planet geometry
JNCR_2019360_24C00022_V01,24.0,2019-12-26 17:14:39.962,1,True,True,0.001358359659551661,0.0,0.017393241808252427,6740.0,False,20.46211220190857,0.5540160913340525,63.17640686035156,324.33966064453125,18.710363388061523,25.175642013549805,82.39131164550781,0.0008911837168878577,0.0,0.01781278443567961,0.001500092174497215,0.0,0.016923922936893203,0.0016131030159779979,0.0,0.0244140625,True,Verified exact native product; normal-operation evidence; label and errata audit; determined archive timing; clean overall and every RGB band; finite on-planet geometry
JNCR_2019360_24C00023_V01,24.0,2019-12-26 17:19:43.352,1,True,True,0.001703674387144961,0.0,0.018353212226941747,8160.0,False,15.7690728123514,0.5237459546925566,51.66912078857422,317.2332458496094,31.263011932373047,22.956785202026367,70.24614715576172,0.0019291305487647715,0.0,0.015345304915048544,0.0013819124706794432,0.0,0.018353212226941747,0.001734643318572994,0.0,0.023238395024271843,True,Verified exact native product; normal-operation evidence; label and errata audit; determined archive timing; clean overall and every RGB band; finite on-planet geometry
JNCR_2019360_24C00024_V01,24.0,2019-12-26 17:23:15.790,1,True,True,0.0019157202446173438,0.0,0.017002142748786406,14439.0,False,12.753343987903841,0.526345064724919,45.158790588378906,308.1741638183594,37.47047805786133,20.226375579833984,62.36944580078125,0.0019810215535349222,0.0,0.013358995752427185,0.0019576088590878182,0.0,0.016810148665048544,0.0017458441107382218,0.0,0.01895526774878641,True,Verified exact native product; normal-operation evidence; label and errata audit; determined archive timing; clean overall and every RGB band; finite on-planet geometry
JNCR_2019360_24C00025_V01,24.0,2019-12-26 17:26:17.621,1,True,True,0.0019525179909049032,0.0,0.016867035800970875,4875.0,False,10.502819364442786,0.523948220064725,39.22793960571289,301.0125732421875,43.06599807739258,18.07843589782715,55.74750900268555,0.002106164604588092,0.0,0.012749829338592233,0.0018537125971187173,0.0,0.01564159208131068,0.0020698997490312763,0.0,0.018808309314320388,True,Verified exact native product; normal-operation evidence; label and errata audit; determined archive timing; clean overall and every RGB band; finite on-planet geometry
JNCR_2019360_24C00027_V01,24.0,2019-12-26 17:29:19.906,1,True,True,0.0014086541243332972,0.0,0.015710330703883495,5470.0,False,8.638936416811637,0.515210355987055,32.39744567871094,295.9983215332031,50.56184768676758,14.558502197265625,48.94111251831055,0.0013014039473115805,0.0,0.011932076759708737,0.0011697406441525055,0.0,0.01335425515776699,0.0014845167425016476,0.0,0.01886993704490291,True,Verified exact native product; normal-operation evidence; label and errata audit; determined archive timing; clean overall and every RGB band; finite on-planet geometry
JNCR_2019360_24C00040_V01,24.0,2019-12-26 18:07:33.493,1,True,True,0.0008424556500018352,0.0,0.07948555066747573,7816.0,False,33.402025274452214,0.1848831917475728,2.8876349925994873,257.68450927734375,86.0110092163086,-36.66385269165039,6.890772342681885,0.0007303493016685878,0.0,0.0668992718446602,0.0007327248800664363,0.0,0.0686841057342233,0.0011716189085377443,0.0,0.1051440192657767,True,Verified exact native product; normal-operation evidence; label and errata audit; determined archive timing; clean overall and every RGB band; finite on-planet geometry
JNCR_2019360_24C00041_V01,24.0,2019-12-26 18:14:39.133,1,True,True,0.0010174375060112621,0.0,0.0740551994842233,8074.0,False,40.85835647150927,0.19444023058252427,3.502868175506592,244.82369995117188,89.19925689697266,-46.43437576293945,3.502868175506592,0.0008270915631306815,0.0,0.06484185376213593,0.0007959095545719542,0.0,0.05645574180825243,0.0013875336225335452,0.0,0.1058053322208738,True,Verified exact native product; normal-operation evidence; label and errata audit; determined archive timing; clean overall and every RGB band; finite on-planet geometry
JNCR_2019360_24C00042_V01,24.0,2019-12-26 18:21:44.598,1,True,True,0.0012076305185181107,0.0,0.07502939168689321,9961.0,False,48.567991368833844,0.2260748959778086,-4.3876824378967285,257.81842041015625,87.38876342773438,-56.8657341003418,0.6718574166297913,0.000866399013747041,0.0,0.06280339805825243,0.0010022890520717457,0.0,0.054455210861650484,0.0015123626922759026,0.0,0.09857355506674757,True,Verified exact native product; normal-operation evidence; label and errata audit; determined archive timing; clean overall and every RGB band; finite on-planet geometry
JNCR_2019360_24C00043_V01,24.0,2019-12-26 18:28:20.246,1,True,True,0.0016637059710529812,0.0,0.06155425136529126,6009.0,False,55.954177940549656,0.26363605717367855,-13.65820598602295,235.00503540039062,73.64225769042969,-66.41504669189453,-0.5040741562843323,0.001050531512378376,0.0,0.051852624393203886,0.0009841881514540919,0.0,0.05105383419296117,0.001957902596380856,0.0,0.07953769720873786,True,Verified exact native product; normal-operation evidence; label and errata audit; determined archive timing; clean overall and every RGB band; finite on-planet geometry
JNCR_2019360_24C00044_V01,24.0,2019-12-26 18:36:26.386,1,True,True,0.00167597398420398,0.0,0.07377550439927186,8590.0,False,65.35497714457435,0.2600289913700108,-21.744203567504883,220.23443603515625,64.30358123779297,-79.2223129272461,-1.806146502494812,0.0016028477100241616,0.0,0.06863195919296117,0.00187529590306954,0.0,0.05780444098907767,0.00167597398420398,0.0,0.08769389032160194,True,Verified exact native product; normal-operation evidence; label and errata audit; determined archive timing; clean overall and every RGB band; finite on-planet geometry
JNCR_2019360_24C00045_V01,24.0,2019-12-26 18:44:32.369,1,True,True,0.0017922935832683563,0.0,0.10633153822815533,5665.0,False,75.06404122670192,0.25166868932038833,-27.96050262451172,207.0689239501953,57.37700271606445,-89.80484008789062,-3.378967761993408,0.001547850742181802,0.0,0.10633153822815533,0.001830167518207095,0.0,0.09077527685072816,0.001837053718417731,0.0,0.13407823877427183,True,Verified exact native product; normal-operation evidence; label and errata audit; determined archive timing; clean overall and every RGB band; finite on-planet geometry
JNCR_2019360_24C00046_V01,24.0,2019-12-26 18:52:38.638,1,True,True,0.0018144306646310936,0.0,0.1408738812196602,5550.0,False,85.17262389368013,0.2857200647249191,-49.03880310058594,221.81121826171875,38.166900634765625,-89.79105377197266,-2.846400737762451,0.0013658654352626603,0.0,0.12641269720873785,0.0017084523457402306,0.0,0.123046875,0.002417555267578135,0.0,0.17113072663834952,True,Verified exact native product; normal-operation evidence; label and errata audit; determined archive timing; clean overall and every RGB band; finite on-planet geometry
JNCR_2019360_24C00047_V01,24.0,2019-12-26 19:01:45.560,1,True,True,0.0017388977089484122,0.0,0.17591398665048544,5312.0,False,97.10071914785647,0.2617111650485437,-53.983497619628906,199.6163787841797,29.292213439941406,-89.69436645507812,-4.332169532775879,0.0017186589992879285,0.0,0.16059949560072817,0.001677770559458339,0.0,0.16001403216019416,0.0019425971445063595,0.0,0.20248739001820387,True,Verified exact native product; normal-operation evidence; label and errata audit; determined archive timing; clean overall and every RGB band; finite on-planet geometry
JNCR_2020313_30C00006_V01,30.0,2020-11-08 01:12:11.249,1,True,True,0.0012146030459060475,0.0,0.04252550439927184,2448.0,False,38.44239427041073,0.4501415857605178,63.56568908691406,302.4317321777344,19.983173370361328,19.012386322021484,89.87647247314453,0.0013510475687614377,0.0,0.07441074408373786,0.0010632489050350497,0.0,0.03289261604975728,0.0010633047489056256,0.0,0.03251573877427184,True,Verified exact native product; normal-operation evidence; label and errata audit; determined archive timing; clean overall and every RGB band; finite on-planet geometry
JNCR_2020313_30C00007_V01,30.0,2020-11-08 01:15:11.722,1,True,True,0.0012409138699665677,0.0,0.035343503489077666,2685.0,False,34.777123234018205,0.4951203478964401,67.00413513183594,288.159912109375,17.6544189453125,22.7138614654541,89.63410949707031,0.00170824123373267,0.0,0.03644332145024272,0.0012558376408665405,0.0,0.03546912924757282,0.0010599380517350594,0.0,0.03188286938713592,True,Verified exact native product; normal-operation evidence; label and errata audit; determined archive timing; clean overall and every RGB band; finite on-planet geometry
JNCR_2020313_30C00008_V01,30.0,2020-11-08 01:18:11.714,1,True,True,0.001062195451705014,0.0,0.03784653746966019,3175.0,False,31.024767013390388,0.5317303802588996,72.70645904541016,270.22650146484375,7.88169002532959,26.481698989868164,89.95823669433594,0.0012155969047970092,0.0,0.022223907766990292,0.0010081027683641534,0.0,0.018737200394417473,0.0010921338103850142,0.0,0.0590061817354369,True,Verified exact native product; normal-operation evidence; label and errata audit; determined archive timing; clean overall and every RGB band; finite on-planet geometry
JNCR_2020313_30C00009_V01,30.0,2020-11-08 01:21:12.178,1,True,True,0.0011947628718040073,0.0,0.015840697057038833,3299.0,False,27.32485238895273,0.5690736245954693,72.93058776855469,247.3212127685547,9.115530967712402,28.29269027709961,89.96357727050781,0.0016442016130529319,0.0,0.013491732402912623,0.0011970575776736896,0.0,0.015060869235436893,0.001018391041051946,0.0,0.020460406553398057,True,Verified exact native product; normal-operation evidence; label and errata audit; determined archive timing; clean overall and every RGB band; finite on-planet geometry
JNCR_2020313_30C00011_V01,30.0,2020-11-08 01:24:12.213,1,True,True,0.0013803718291208085,0.0,0.014809617718446601,3464.0,False,23.87825861376761,0.5320927723840345,72.744873046875,220.78872680664062,9.754935264587402,29.542236328125,89.95365142822266,0.0014128387756800363,0.0,0.013702688865291263,0.0019410970772494964,0.0,0.01375957600121359,0.0010215926907867514,0.0,0.015515966322815534,True,Verified exact native product; normal-operation evidence; label and errata audit; determined archive timing; clean overall and every RGB band; finite on-planet geometry
JNCR_2020313_30C00013_V01,30.0,2020-11-08 01:26:42.600,1,True,True,0.0010592230305258145,0.0,0.014579698877427185,3647.0,False,21.19119536383287,0.5572635742538655,69.50127410888672,206.5148162841797,14.225849151611328,30.934795379638672,85.4502182006836,0.0011512967846136193,0.0,0.014473035497572815,0.0009545956093235859,0.0,0.014451702821601941,0.0010208094159011116,0.0,0.015843067354368932,True,Verified exact native product; normal-operation evidence; label and errata audit; determined archive timing; clean overall and every RGB band; finite on-planet geometry
JNCR_2020313_30C00014_V01,30.0,2020-11-08 01:29:12.701,1,True,True,0.0013438128606027525,0.0,0.016331348604368932,3895.0,False,18.651380554616857,0.5770181589356347,65.9651107788086,192.96200561523438,19.13788414001465,30.632448196411133,78.71553802490234,0.001145012144841129,0.0,0.014157785952669902,0.0017147416346045673,0.0,0.016350310983009708,0.0014362875326064328,0.0,0.01754494083737864,True,Verified exact native product; normal-operation evidence; label and errata audit; determined archive timing; clean overall and every RGB band; finite on-planet geometry
JNCR_2020313_30C00015_V01,30.0,2020-11-08 01:32:12.830,1,True,True,0.0017693476351346715,0.0,0.016215204035194174,4142.0,False,15.789150975927704,0.5411508899676375,59.519256591796875,191.07691955566406,27.55347442626953,29.76215362548828,70.88074493408203,0.0017100910544517942,0.0,0.013773797785194174,0.0019501285437848273,0.0,0.01653756447208738,0.0017236751315886202,0.0,0.020628697663834954,True,Verified exact native product; normal-operation evidence; label and errata audit; determined archive timing; clean overall and every RGB band; finite on-planet geometry
JNCR_2020313_30C00017_V01,30.0,2020-11-08 01:35:13.388,1,True,True,0.002658152506058125,0.0,0.015345304915048544,4390.0,False,13.09394987302478,0.5604166666666667,54.16697692871094,181.99533081054688,32.67533874511719,28.17082405090332,63.199405670166016,0.002932263262240793,0.0,0.013714540351941747,0.002794195298901075,0.0,0.016411938713592235,0.002541809311502404,0.0,0.018772754854368932,True,Verified exact native product; normal-operation evidence; label and errata audit; determined archive timing; clean overall and every RGB band; finite on-planet geometry
JNCR_2020313_30C00019_V01,30.0,2020-11-08 01:37:43.533,1,True,True,0.0022287504603711755,0.0,0.01499687120752427,4390.0,False,10.982710295258034,0.5718648867313916,49.42182922363281,174.42369079589844,35.906558990478516,25.64577293395996,57.02290725708008,0.0022287504603711755,0.0,0.012847011529126214,0.0020160883004223876,0.0,0.01597343370752427,0.0023006864875076694,0.0,0.01860446374393204,True,Verified exact native product; normal-operation evidence; label and errata audit; determined archive timing; clean overall and every RGB band; finite on-planet geometry
JNCR_2020313_30C00021_V01,30.0,2020-11-08 01:40:14.032,1,True,True,0.001964198589232147,0.0,0.015134348452669904,4576.0,False,9.03673251803232,0.5788430420711974,44.247596740722656,169.17750549316406,40.84071731567383,23.44878578186035,52.32853698730469,0.0018662648701732129,0.0,0.012697682797330096,0.0016792018213439438,0.0,0.015013463288834952,0.0021383504561283554,0.0,0.016935774423543687,True,Verified exact native product; normal-operation evidence; label and errata audit; determined archive timing; clean overall and every RGB band; finite on-planet geometry
JNCR_2020313_30C00022_V01,30.0,2020-11-08 01:42:14.489,1,True,True,0.001741232642953804,0.0,0.014646067202669904,4700.0,False,7.653105246936258,0.582787216828479,39.92180252075195,165.48385620117188,45.009952545166016,21.533906936645508,49.945823669433594,0.0015699536578595687,0.0,0.012033999544902913,0.0016863083917979054,0.0,0.013240480885922331,0.0019216949255469573,0.0,0.016312386225728157,True,Verified exact native product; normal-operation evidence; label and errata audit; determined archive timing; clean overall and every RGB band; finite on-planet geometry
JNCR_2020313_30C00023_V01,30.0,2020-11-08 01:43:44.599,1,True,True,0.0014674175205876563,0.0,0.013870979975728157,5009.0,False,6.744854106560841,0.5312959694027655,36.520606994628906,162.456298828125,47.933502197265625,19.744306564331055,48.17585754394531,0.0012730264631297717,0.0,0.011737712378640776,0.0013172767719619354,0.0,0.013055597694174758,0.0016542443508248059,0.0,0.016504380309466018,True,Verified exact native product; normal-operation evidence; label and errata audit; determined archive timing; clean overall and every RGB band; finite on-planet geometry
JNCR_2020313_30C00024_V01,30.0,2020-11-08 01:45:45.169,1,True,True,0.0011969504368440848,0.0,0.013579433404126214,5080.0,False,5.727337218768055,0.5302294792586054,31.85207748413086,159.43307495117188,52.4844970703125,16.77686882019043,45.38977813720703,0.0011308258395008358,0.0,0.011683195540048544,0.001142353042176178,0.0,0.012873084799757281,0.0012459981468895451,0.0,0.01711354672330097,True,Verified exact native product; normal-operation evidence; label and errata audit; determined archive timing; clean overall and every RGB band; finite on-planet geometry
JNCR_2020313_30C00025_V01,30.0,2020-11-08 01:47:45.794,1,True,True,0.0008888885089051266,0.0,0.013107744235436893,5080.0,False,4.986106639262708,0.52257097675787,26.928741455078125,156.65863037109375,57.24092483520508,14.01348876953125,41.023502349853516,0.0008882949294792363,0.0,0.011552829186893203,0.0008724720324399524,0.0,0.01257442733616505,0.0009047805871390059,0.0,0.017447758646844662,True,Verified exact native product; normal-operation evidence; label and errata audit; determined archive timing; clean overall and every RGB band; finite on-planet geometry
JNCR_2020313_30C00039_V01,30.0,2020-11-08 02:15:30.920,1,True,True,0.0008550201130558206,0.0,0.06226297026699029,8874.0,False,25.44949215330899,0.21737909025530386,-1.555389642715454,151.76344299316406,87.75196075439453,-47.42713165283203,9.594531059265137,0.0008171349634299934,0.0,0.04045860512742718,0.0008242597216017069,0.0,0.04638908904733009,0.0009638812305467633,0.0,0.09392540200242719,True,Verified exact native product; normal-operation evidence; label and errata audit; determined archive timing; clean overall and every RGB band; finite on-planet geometry
JNCR_2020313_30C00040_V01,30.0,2020-11-08 02:18:31.983,1,True,True,0.001001765484864802,0.0,0.06271569705703883,8051.0,False,28.729805412285277,0.21488448399856167,-1.2854889631271362,145.10128784179688,86.13870239257812,-49.85279846191406,8.746700286865234,0.0009379286068714344,0.0,0.035030624241504854,0.0009056598938881894,0.0,0.041909227093446605,0.0010784941550486442,0.0,0.08829120524878642,True,Verified exact native product; normal-operation evidence; label and errata audit; determined archive timing; clean overall and every RGB band; finite on-planet geometry
JNCR_2020313_30C00041_V01,30.0,2020-11-08 02:22:03.096,1,True,True,0.0008415263552923602,0.0,0.05674254778519418,24997.0,False,32.60135367456329,0.23902710355987056,-2.2024049758911133,136.80035400390625,83.59545135498047,-52.798187255859375,6.792870044708252,0.0007927459257758203,0.0,0.03513254702669903,0.0007877959626405779,0.0,0.04714521389563107,0.0009967711426945034,0.0,0.08413370373179613,True,Verified exact native product; normal-operation evidence; label and errata audit; determined archive timing; clean overall and every RGB band; finite on-planet geometry
JNCR_2020313_30C00042_V01,30.0,2020-11-08 02:26:04.209,1,True,True,0.0009452780887978561,0.0,0.054779941595873786,8380.0,False,37.142643674410415,0.2365872775080906,-0.3538137376308441,128.97642517089844,85.6039047241211,-56.7374382019043,4.379702568054199,0.0007580745873062165,0.0,0.03835615139563107,0.0008764408047365239,0.0,0.04425582145024272,0.0011134275360289037,0.0,0.0874947853458738,True,Verified exact native product; normal-operation evidence; label and errata audit; determined archive timing; clean overall and every RGB band; finite on-planet geometry
JNCR_2020313_30C00043_V01,30.0,2020-11-08 02:30:05.369,1,True,True,0.0011047081494850407,0.0,0.0604686551881068,8791.0,False,41.68882113498814,0.26706252889505316,-17.9478702545166,133.4672393798828,69.76567840576172,-61.20579147338867,3.5778791904449463,0.0009553009539641538,0.0,0.038460444478155345,0.001079869959037907,0.0,0.044559219508495146,0.001243007548853699,0.0,0.08117083206917475,True,Verified exact native product; normal-operation evidence; label and errata audit; determined archive timing; clean overall and every RGB band; finite on-planet geometry
JNCR_2020313_30C00044_V01,30.0,2020-11-08 02:35:06.142,1,True,True,0.0011597554867089938,0.0,0.06980525637135923,7475.0,False,47.48652624569087,0.26235263522884883,-25.012771606445312,128.75343322753906,62.201026916503906,-66.98535919189453,2.3801674842834473,0.0008777139148127627,0.0,0.052639563106796114,0.000914568367832201,0.0,0.04628716626213592,0.0012583452788361277,0.0,0.09559172102548544,True,Verified exact native product; normal-operation evidence; label and errata audit; determined archive timing; clean overall and every RGB band; finite on-planet geometry
JNCR_2020313_30C00045_V01,30.0,2020-11-08 02:40:07.352,1,True,True,0.0013474442819816498,0.0,0.0782055901092233,6652.0,False,53.47128457007203,0.2573826860841424,-28.616470336914062,117.39021301269531,55.109989166259766,-73.72721099853516,0.21683275699615479,0.0010964750871814526,0.0,0.06284132281553398,0.0013587286537491202,0.0,0.05000853307038835,0.001423951743542714,0.0,0.10281875758495146,True,Verified exact native product; normal-operation evidence; label and errata audit; determined archive timing; clean overall and every RGB band; finite on-planet geometry
JNCR_2020313_30C00046_V01,30.0,2020-11-08 02:48:08.961,1,True,True,0.001709207784838072,0.0,0.09832941444174757,6981.0,False,62.96221620105473,0.28748651564185546,-33.29913330078125,102.00538635253906,48.386043548583984,-85.71845245361328,-0.4504486322402954,0.0013531530693429582,0.0,0.09009500151699029,0.0016299715562669882,0.0,0.07697303549757281,0.0022030180849036372,0.0,0.11852197739684465,True,Verified exact native product; normal-operation evidence; label and errata audit; determined archive timing; clean overall and every RGB band; finite on-planet geometry
JNCR_2020313_30C00047_V01,30.0,2020-11-08 02:56:10.554,1,True,True,0.002202730815501517,0.0,0.13863869083737862,5080.0,False,73.07979285109941,0.27381674757281554,-33.857810974121094,84.3227767944336,48.307857513427734,-89.6982421875,-2.8377842903137207,0.0015414759193803445,0.0,0.10554222921723301,0.0019242980351039528,0.0,0.11398285800970873,0.0028988803136395644,0.0,0.17278045358009708,True,Verified exact native product; normal-operation evidence; label and errata audit; determined archive timing; clean overall and every RGB band; finite on-planet geometry
JNCR_2020313_30C00048_V01,30.0,2020-11-08 03:04:12.010,1,True,True,0.0022588683909076116,0.0,0.16622658146237862,4928.0,False,83.64336711200882,0.30608818770226537,-55.406795501708984,100.7735595703125,31.311119079589844,-89.83512878417969,-3.2478675842285156,0.0017882307260285615,0.0,0.1396555483919903,0.0021231459527520343,0.0,0.14735190382281554,0.0027833208469219455,0.0,0.2076024916565534,True,Verified exact native product; normal-operation evidence; label and errata audit; determined archive timing; clean overall and every RGB band; finite on-planet geometry
JNCR_2020313_30C00050_V01,30.0,2020-11-08 03:12:13.205,1,True,True,0.0021561731966318535,0.0,0.20664015094053398,4823.0,False,94.14532111228445,0.276537216828479,-62.116844177246094,89.48644256591797,24.15694236755371,-89.61389923095703,-3.853477954864502,0.0016304092908265636,0.0,0.18571990670509708,0.0022145755380226888,0.0,0.18801672481796117,0.0036312506566845847,0.0,0.2466649916565534,True,Verified exact native product; normal-operation evidence; label and errata audit; determined archive timing; clean overall and every RGB band; finite on-planet geometry
JNCR_2020313_30C00051_V01,30.0,2020-11-08 03:19:44.673,1,True,True,0.0019284618019373588,0.0,0.21585112636529127,4699.0,False,102.90319167639464,0.23774271844660194,-61.49716567993164,60.68798828125,18.197486877441406,-89.8617172241211,-4.303735733032227,0.0016885067604587587,0.0,0.2037768317657767,0.0022487523400005305,0.0,0.20219110285194175,0.0020760070296793214,0.0,0.24492282311893204,True,Verified exact native product; normal-operation evidence; label and errata audit; determined archive timing; clean overall and every RGB band; finite on-planet geometry
JNCR_2021159_34C00036_V01,34.0,2021-06-08 06:46:05.387,1,True,True,0.0013810051396682473,0.0,0.2552099135315534,3211.0,False,65.98481978976614,0.34749190938511326,39.68772506713867,265.37542724609375,28.06930160522461,-3.1829757690429688,89.58013916015625,0.0008631298567599024,0.0,0.23838554308252427,0.0015492652398648894,0.0,0.24890492263349517,0.0014100502979709842,0.0,0.30467090791868934,True,Verified exact native product; normal-operation evidence; label and errata audit; determined archive timing; clean overall and every RGB band; finite on-planet geometry
JNCR_2021159_34C00037_V01,34.0,2021-06-08 06:50:05.864,1,True,True,0.001888842218928306,0.0,0.3547031439623787,4313.0,False,61.18011742255875,0.38405137540453077,49.699649810791016,261.28436279296875,16.767276763916016,-0.2772166430950165,89.71575927734375,0.0013770781741487194,0.0,0.3497160383798544,0.0020510899040589274,0.0,0.3133106416868932,0.002413298793706339,0.0,0.5301075166868932,True,Verified exact native product; normal-operation evidence; label and errata audit; determined archive timing; clean overall and every RGB band; finite on-planet geometry
JNCR_2021159_34C00038_V01,34.0,2021-06-08 06:54:06.793,1,True,True,0.001596916438225925,0.0,0.21440050439927183,3347.0,False,56.50001166558815,0.430858953613808,53.268367767333984,253.42294311523438,14.223197937011719,2.8320372104644775,89.84500122070312,0.0011271573621968838,0.0,0.1700877958131068,0.0015206016944361556,0.0,0.17905700091019416,0.00212117676252682,0.0,0.2439225576456311,True,Verified exact native product; normal-operation evidence; label and errata audit; determined archive timing; clean overall and every RGB band; finite on-planet geometry
JNCR_2021159_34C00039_V01,34.0,2021-06-08 06:58:07.308,1,True,True,0.002307228481370851,0.0,0.30881418765169905,3459.0,False,51.86098696180852,0.4175913083680074,61.78127670288086,246.60671997070312,5.494376182556152,6.6582441329956055,89.74069213867188,0.0017523573659894837,0.0,0.28772802260315533,0.003360751076053316,0.0,0.2662744614684466,0.0027411556418687607,0.0,0.39192155263956313,True,Verified exact native product; normal-operation evidence; label and errata audit; determined archive timing; clean overall and every RGB band; finite on-planet geometry
JNCR_2021159_34C00040_V01,34.0,2021-06-08 07:02:07.886,1,True,True,0.0018534630811140615,0.0,0.14468057873179613,3396.0,False,46.800959952406686,0.46365002311604253,68.98551940917969,236.32745361328125,6.131477355957031,11.710393905639648,89.94078826904297,0.0014457767391325323,0.0,0.10321459723907767,0.002009259657415361,0.0,0.11609716322815533,0.002769084479873718,0.0,0.2331471859830097,True,Verified exact native product; normal-operation evidence; label and errata audit; determined archive timing; clean overall and every RGB band; finite on-planet geometry
JNCR_2021159_34C00041_V01,34.0,2021-06-08 07:06:08.749,1,True,True,0.001268659982535432,0.0,0.040854444781553395,2987.0,False,41.61178789427977,0.5062557790106333,72.71831512451172,220.41485595703125,7.708529949188232,16.413843154907227,89.89271545410156,0.0009811046414715376,0.0,0.03160554459951456,0.0012733770850425334,0.0,0.041025106189320384,0.0017916249807151117,0.0,0.04986868552791262,True,Verified exact native product; normal-operation evidence; label and errata audit; determined archive timing; clean overall and every RGB band; finite on-planet geometry
JNCR_2021159_34C00042_V01,34.0,2021-06-08 07:10:09.362,1,True,True,0.0023609048503075115,0.0,0.1576295130461165,3550.0,False,36.3656891208037,0.47917930825242716,66.18771362304688,209.3284912109375,15.943756103515625,20.351388931274414,89.93984985351562,0.0015696870151456221,0.0,0.15090972011529125,0.0029170751904242153,0.0,0.1544604255157767,0.003475088620630525,0.0,0.1914844698118932,True,Verified exact native product; normal-operation evidence; label and errata audit; determined archive timing; clean overall and every RGB band; finite on-planet geometry
JNCR_2021159_34C00043_V01,34.0,2021-06-08 07:14:09.991,1,True,True,0.0018134749142404952,0.0,0.03905538910800971,3445.0,False,31.386286085742817,0.5174580299352751,71.33895111083984,186.837890625,12.15701961517334,26.190305709838867,89.94844818115234,0.0013768285632326555,0.0,0.024191254550970875,0.0017502065107668956,0.0,0.030043518658980584,0.002473500575621096,0.0,0.07775286331917476,True,Verified exact native product; normal-operation evidence; label and errata audit; determined archive timing; clean overall and every RGB band; finite on-planet geometry
JNCR_2021159_34C00044_V01,34.0,2021-06-08 07:18:40.889,1,True,True,0.0012722714982989416,0.0,0.01970191140776699,3452.0,False,26.1498263610005,0.5011461704422869,72.41532897949219,155.49122619628906,14.344405174255371,29.989246368408203,89.3277587890625,0.0010672144175741449,0.0,0.018215734981796114,0.0017088979468368336,0.0,0.01905956083131068,0.0013197879507768036,0.0,0.026741694478155338,True,Verified exact native product; normal-operation evidence; label and errata audit; determined archive timing; clean overall and every RGB band; finite on-planet geometry
JNCR_2021159_34C00046_V01,34.0,2021-06-08 07:21:11.693,1,True,True,0.0018507708801848465,0.0,0.020853875910194174,3612.0,False,23.36602898445151,0.5253955411722402,70.82640838623047,142.8780059814453,16.953258514404297,31.742870330810547,84.23411560058594,0.0015536226866289208,0.0,0.0171728041565534,0.0019317678037247491,0.0,0.01781278443567961,0.002334377761033724,0.0,0.022458567202669904,True,Verified exact native product; normal-operation evidence; label and errata audit; determined archive timing; clean overall and every RGB band; finite on-planet geometry
JNCR_2021159_34C00047_V01,34.0,2021-06-08 07:22:42.080,1,True,True,0.002403590776776819,0.0,0.025201001213592235,3730.0,False,21.726582059112644,0.5409812117943186,69.67030334472656,134.3237762451172,18.221004486083984,32.911399841308594,81.41097259521484,0.001356034913543161,0.0,0.021531780946601943,0.002305942182884682,0.0,0.02228553549757282,0.00380143122716098,0.0,0.04000824863470874,True,Verified exact native product; normal-operation evidence; label and errata audit; determined archive timing; clean overall and every RGB band; finite on-planet geometry
JNCR_2021159_34C00048_V01,34.0,2021-06-08 07:25:12.490,1,True,True,0.003060918534063436,0.0,0.025189149726941747,3700.0,False,19.065274605948414,0.5676352930600503,66.9373550415039,119.12678527832031,20.51080322265625,32.04597854614258,77.39768981933594,0.0018784770418390035,0.0,0.0216455552184466,0.0036179381351761114,0.0,0.021951323574029125,0.0041251229581419305,0.0,0.04122184086771845,True,Verified exact native product; normal-operation evidence; label and errata audit; determined archive timing; clean overall and every RGB band; finite on-planet geometry
JNCR_2021159_34C00050_V01,34.0,2021-06-08 07:28:13.040,1,True,True,0.002553978011262128,0.0,0.02351097921723301,3912.0,False,16.030310556495902,0.5414846278317152,63.808048248291016,116.41861724853516,27.134557723999023,31.304433822631836,74.694580078125,0.0019655713910469268,0.0,0.0183129171723301,0.002526324402146872,0.0,0.020460406553398057,0.004213035000080808,0.0,0.03796268203883495,True,Verified exact native product; normal-operation evidence; label and errata audit; determined archive timing; clean overall and every RGB band; finite on-planet geometry
JNCR_2021159_34C00051_V01,34.0,2021-06-08 07:31:14.083,1,True,True,0.002840903538461419,0.0,0.020984242263349516,5033.0,False,13.163910476565231,0.5750606796116505,59.48874282836914,104.73130798339844,29.612565994262695,29.118993759155273,73.81986236572266,0.002032020785838986,0.0,0.01718702594053398,0.002991540868390395,0.0,0.019137780643203883,0.0032848685625708907,0.0,0.027151755916262135,True,Verified exact native product; normal-operation evidence; label and errata audit; determined archive timing; clean overall and every RGB band; finite on-planet geometry
JNCR_2021159_34C00053_V01,34.0,2021-06-08 07:34:14.809,1,True,True,0.003383600158210583,0.0,0.02000293916868932,6635.0,False,10.499526429530835,0.6112055016181229,53.864601135253906,93.69476318359375,29.98926544189453,27.13998031616211,73.82423400878906,0.0027842667612949516,0.0,0.016336089199029125,0.004100732578668094,0.0,0.01810670130461165,0.004021995776843684,0.0,0.024639240746359224,True,Verified exact native product; normal-operation evidence; label and errata audit; determined archive timing; clean overall and every RGB band; finite on-planet geometry
JNCR_2021159_34C00054_V01,34.0,2021-06-08 07:36:15.536,1,True,True,0.002973470224440329,0.0,0.019720873786407765,5113.0,False,8.889232778725415,0.6373179611650486,49.93763732910156,88.2666015625,31.45777130126953,25.260662078857422,72.97943115234375,0.0032250132614450883,0.0,0.01631949711771845,0.002733241483203919,0.0,0.01699977245145631,0.004053085956224372,0.0,0.023044030643203883,True,Verified exact native product; normal-operation evidence; label and errata audit; determined archive timing; clean overall and every RGB band; finite on-planet geometry
JNCR_2021159_34C00055_V01,34.0,2021-06-08 07:38:16.305,1,True,True,0.003015331846034218,0.0,0.018322398361650484,4152.0,False,7.422732707733607,0.6644215210355987,45.730838775634766,83.43006896972656,32.90358352661133,23.53940773010254,68.2703628540039,0.002982082357244051,0.0,0.01608009708737864,0.00263509432029069,0.0,0.017134879399271843,0.0034168170145559736,0.0,0.022140947360436893,True,Verified exact native product; normal-operation evidence; label and errata audit; determined archive timing; clean overall and every RGB band; finite on-planet geometry
JNCR_2021159_34C00056_V01,34.0,2021-06-08 07:40:16.832,1,True,True,0.002692745602914111,0.0,0.018184921116504854,4316.0,False,6.12898854373643,0.6274363783465725,41.010833740234375,78.8104019165039,33.60009765625,21.24553680419922,63.1786003112793,0.002692745602914111,0.0,0.015075091019417477,0.0024701792039173113,0.0,0.017589976486650484,0.003024713185071461,0.0,0.020495961013349516,True,Verified exact native product; normal-operation evidence; label and errata audit; determined archive timing; clean overall and every RGB band; finite on-planet geometry
JNCR_2021159_34C00058_V01,34.0,2021-06-08 07:42:47.883,1,True,True,0.0032145560802633415,0.0,0.017597087378640776,4333.0,False,4.8500436240230576,0.6543376728449544,35.1198616027832,74.11334991455078,35.24879837036133,17.611133575439453,54.911842346191406,0.0031770349425730227,0.0,0.013916015625,0.0034036262279369045,0.0,0.0166039327973301,0.003305662203035898,0.0,0.02040114912014563,True,Verified exact native product; normal-operation evidence; label and errata audit; determined archive timing; clean overall and every RGB band; finite on-planet geometry
JNCR_2021159_34C00059_V01,34.0,2021-06-08 07:44:18.672,1,True,True,0.003495852995344998,0.0,0.019166224211165046,4393.0,False,4.292015651482882,0.6670436157693439,31.519859313964844,71.64065551757812,36.34855270385742,15.125632286071777,49.93596649169922,0.0034805363658318546,0.0,0.013268924453883495,0.0036487033105150504,0.0,0.01663237636529126,0.003971539809830855,0.0,0.021019796723300968,True,Verified exact native product; normal-operation evidence; label and errata audit; determined archive timing; clean overall and every RGB band; finite on-planet geometry
JNCR_2021159_34C00060_V01,34.0,2021-06-08 07:46:19.445,1,True,True,0.0036578439461713323,0.0,0.01665844963592233,4453.0,False,3.8400551406539076,0.6770649455722271,26.382299423217773,68.52660369873047,37.169349670410156,10.886309623718262,43.71379089355469,0.0027886245626665123,0.0,0.013586544296116505,0.0037333413537207244,0.0,0.016248388197815534,0.004200296587416181,0.0,0.02084202442354369,True,Verified exact native product; normal-operation evidence; label and errata audit; determined archive timing; clean overall and every RGB band; finite on-planet geometry
JNCR_2021159_34C00061_V01,34.0,2021-06-08 07:48:20.461,1,True,True,0.003618048809907307,0.0,0.018677942961165046,4694.0,False,3.753621947637539,0.6756674757281553,21.299238204956055,65.84613037109375,38.105899810791016,6.3281474113464355,37.496036529541016,0.00368644983343454,0.0,0.012628944174757281,0.0034552297916827955,0.0,0.015122496966019416,0.003497388911634359,0.0,0.020970020479368932,True,Verified exact native product; normal-operation evidence; label and errata audit; determined archive timing; clean overall and every RGB band; finite on-planet geometry
JNCR_2021159_34C00062_V01,34.0,2021-06-08 07:50:21.308,1,True,True,0.004104197472499105,0.0,0.01777248938106796,4634.0,False,4.058442188268675,0.6618674610179465,16.103628158569336,63.458984375,38.60652542114258,0.3985292911529541,33.026607513427734,0.0025467428386515044,0.0,0.013292627427184466,0.0031146344908841383,0.0,0.014624734526699028,0.005535329035152709,0.0,0.020846765018203886,True,Verified exact native product; normal-operation evidence; label and errata audit; determined archive timing; clean overall and every RGB band; finite on-planet geometry
JNCR_2021159_34C00063_V01,34.0,2021-06-08 07:52:22.277,1,True,True,0.002053939236698149,0.0,0.018037962682038833,4333.0,False,4.739912677332628,0.6369152691968226,11.084959030151367,61.401424407958984,38.98752212524414,-5.90917444229126,29.32722282409668,0.002049490448196911,0.0,0.01334003337378641,0.0016870584084582516,0.0,0.017047178398058253,0.0024273404404112683,0.0,0.021612371055825242,True,Verified exact native product; normal-operation evidence; label and errata audit; determined archive timing; clean overall and every RGB band; finite on-planet geometry
JNCR_2021159_34C00064_V01,34.0,2021-06-08 07:54:23.253,1,True,True,0.0028592701693042604,0.0,0.016980810072815534,4754.0,False,5.763297321201616,0.6043505442777287,6.283222675323486,59.6014289855957,39.12485885620117,-12.692630767822266,25.981956481933594,0.002830285586924118,0.0,0.014724287014563107,0.0028052109426173295,0.0,0.016968958586165046,0.0028592701693042604,0.0,0.01857839047330097,True,Verified exact native product; normal-operation evidence; label and errata audit; determined archive timing; clean overall and every RGB band; finite on-planet geometry
JNCR_2021159_34C00066_V01,34.0,2021-06-08 07:56:54.648,1,True,True,0.0032185244545814102,0.0,0.017239172481796117,4754.0,False,7.447241575420281,0.614967637540453,0.9855145215988159,57.61469268798828,39.253997802734375,-22.172061920166016,22.334060668945312,0.0036199393203393514,0.0,0.015451968294902911,0.003489906089090503,0.0,0.017082732858009708,0.0029244499270315175,0.0,0.01987968370752427,True,Verified exact native product; normal-operation evidence; label and errata audit; determined archive timing; clean overall and every RGB band; finite on-planet geometry
JNCR_2021159_34C00067_V01,34.0,2021-06-08 07:58:25.366,1,True,True,0.0035785883901560834,0.0,0.01803085179004854,4754.0,False,8.625813485813504,0.5836266181229773,-2.020095109939575,56.497127532958984,39.09050369262695,-27.819944381713867,21.146486282348633,0.0032822034905441006,0.0,0.015572853458737865,0.0035007092513217354,0.0,0.017307911104368932,0.003973106897718892,0.0,0.01973983616504854,True,Verified exact native product; normal-operation evidence; label and errata audit; determined archive timing; clean overall and every RGB band; finite on-planet geometry
JNCR_2021159_34C00068_V01,34.0,2021-06-08 08:00:26.104,1,True,True,0.0037634607029018137,0.0,0.020879949180825245,4875.0,False,10.351302145606848,0.5441848705501618,-6.088138580322266,55.092342376708984,38.325294494628906,-35.238929748535156,19.62858009338379,0.003337916756429057,0.0,0.014051122572815534,0.003628585758524574,0.0,0.019398513349514562,0.004439272281616972,0.0,0.02803587682038835,True,Verified exact native product; normal-operation evidence; label and errata audit; determined archive timing; clean overall and every RGB band; finite on-planet geometry
JNCR_2021159_34C00069_V01,34.0,2021-06-08 08:02:26.831,1,True,True,0.004018610180219481,0.0,0.022088800819174755,4870.0,False,12.23541759767948,0.5091423948220065,-9.86486530303955,53.737953186035156,37.46324157714844,-41.51181411743164,17.633930206298828,0.002609691655373188,0.0,0.015601297026699028,0.004040533929172549,0.0,0.019381921268203886,0.005249414885540922,0.0,0.029569459192961167,True,Verified exact native product; normal-operation evidence; label and errata audit; determined archive timing; clean overall and every RGB band; finite on-planet geometry
JNCR_2021159_34C00070_V01,34.0,2021-06-08 08:04:58.124,1,True,True,0.0034645117127452382,0.0,0.022259462226941747,7755.0,False,14.772192419512576,0.4716727346278317,-12.937865257263184,51.752037048339844,37.3438720703125,-50.527015686035156,15.83410930633545,0.002609953556278433,0.0,0.016312386225728157,0.0034382751596056657,0.0,0.020173600576456313,0.004676797007789611,0.0,0.03201086544296117,True,Verified exact native product; normal-operation evidence; label and errata audit; determined archive timing; clean overall and every RGB band; finite on-planet geometry
JNCR_2021159_34C00071_V01,34.0,2021-06-08 08:07:29.084,1,True,True,0.0019911368961716474,0.0,0.02005271541262136,22727.0,False,17.45628955461526,0.44016990291262137,-16.26375389099121,49.7701416015625,36.509910583496094,-58.12375259399414,13.76213264465332,0.001789595472770331,0.0,0.017338724969660192,0.0019338817861322894,0.0,0.019609469811893203,0.002970795761890632,0.0,0.03591474514563107,True,Verified exact native product; normal-operation evidence; label and errata audit; determined archive timing; clean overall and every RGB band; finite on-planet geometry
JNCR_2021159_34C00072_V01,34.0,2021-06-08 08:10:00.240,1,True,True,0.001882160615997737,0.0,0.022619747421116505,15041.0,False,20.260512691475373,0.45838951815893564,-24.45258140563965,49.6088981628418,34.20035934448242,-66.04793548583984,11.99702262878418,0.0017811158296342719,0.0,0.01735057645631068,0.0018108142991954757,0.0,0.020505442202669904,0.0019142036859465846,0.0,0.04898219432645631,True,Verified exact native product; normal-operation evidence; label and errata audit; determined archive timing; clean overall and every RGB band; finite on-planet geometry
JNCR_2021159_34C00073_V01,34.0,2021-06-08 08:12:31.412,1,True,True,0.0016346966986846294,0.0,0.024954490291262135,20485.0,False,23.151460883885356,0.4332299532542251,-26.346084594726562,47.16536331176758,31.76838493347168,-73.95954895019531,10.979297637939453,0.0015830835965390587,0.0,0.01674852093446602,0.0015700901654313328,0.0,0.0206689927184466,0.0019344119866990727,0.0,0.0532273968446602,True,Verified exact native product; normal-operation evidence; label and errata audit; determined archive timing; clean overall and every RGB band; finite on-planet geometry
JNCR_2021159_34C00074_V01,34.0,2021-06-08 08:15:32.420,1,True,True,0.0014294389796967433,0.0,0.030849419751213594,12639.0,False,26.68464648019828,0.4057330996044588,-29.691822052001953,44.611724853515625,29.743589401245117,-80.03118896484375,8.673701286315918,0.00107551347829572,0.0,0.01936058859223301,0.0013525010913639538,0.0,0.02573905870752427,0.001950652798021891,0.0,0.06995221480582525,True,Verified exact native product; normal-operation evidence; label and errata audit; determined archive timing; clean overall and every RGB band; finite on-planet geometry
JNCR_2021159_34C00075_V01,34.0,2021-06-08 08:18:03.525,1,True,True,0.0017992406868917205,0.0,0.03591474514563107,8790.0,False,29.777653248178915,0.435009607605178,-30.350494384765625,41.332454681396484,28.947084426879883,-86.56481170654297,8.535079002380371,0.0013593592111031366,0.0,0.020740101638349516,0.0012641745768292225,0.0,0.029280282918689317,0.0022937202088260905,0.0,0.07369254399271845,True,Verified exact native product; normal-operation evidence; label and errata audit; determined archive timing; clean overall and every RGB band; finite on-planet geometry
JNCR_2021159_34C00076_V01,34.0,2021-06-08 08:22:05.048,1,True,True,0.0016768325861981552,0.0,0.03803142066140777,7595.0,False,34.791736807560355,0.40578226132686085,-31.34610939025879,35.89749526977539,29.946062088012695,-89.65492248535156,6.577697277069092,0.0012948926776578757,0.0,0.028422235285194178,0.0014119781324372898,0.0,0.033570521086165046,0.0021504569345868092,0.0,0.07468332827669902,True,Verified exact native product; normal-operation evidence; label and errata audit; determined archive timing; clean overall and every RGB band; finite on-planet geometry
JNCR_2021159_34C00077_V01,34.0,2021-06-08 08:27:06.696,1,True,True,0.0020131233465525583,0.0,0.06066776016383495,7996.0,False,41.10279282736892,0.424786176606565,-45.27485656738281,36.242740631103516,23.02853012084961,-89.59571075439453,3.8895039558410645,0.0012337852112948825,0.0,0.03690789972694175,0.002123098755885502,0.0,0.03721603837985436,0.0022875726748272725,0.0,0.1010694781553398,True,Verified exact native product; normal-operation evidence; label and errata audit; determined archive timing; clean overall and every RGB band; finite on-planet geometry
JNCR_2021159_34C00078_V01,34.0,2021-06-08 08:33:08.661,1,True,True,0.002882932482996641,0.0,0.10431441520024272,6474.0,False,48.97492095351837,0.38564782709200185,-46.86893081665039,26.59351921081543,17.627397537231445,-89.990966796875,3.413877010345459,0.0017524861305115813,0.0,0.07029827821601942,0.002410554200772544,0.0,0.08145289745145631,0.003719716621924188,0.0,0.15025314775485438,True,Verified exact native product; normal-operation evidence; label and errata audit; determined archive timing; clean overall and every RGB band; finite on-planet geometry
JNCR_2021159_34C00079_V01,34.0,2021-06-08 08:40:10.598,1,True,True,0.0032383188413126936,0.0,0.15005167248179613,5236.0,False,58.7451567843638,0.40019889428263217,-49.194480895996094,15.287503242492676,15.683662414550781,-89.87267303466797,0.5795972943305969,0.0022889277813503486,0.0,0.11220987560679611,0.003048751268365819,0.0,0.1305227927791262,0.0045589819244784766,0.0,0.1805123634708738,True,Verified exact native product; normal-operation evidence; label and errata audit; determined archive timing; clean overall and every RGB band; finite on-planet geometry
JNCR_2021159_34C00080_V01,34.0,2021-06-08 08:47:12.554,1,True,True,0.0035041234074286954,0.0,0.16459581689927183,4393.0,False,68.30089311058316,0.35313848435814454,-47.90556716918945,2.227445125579834,21.32966423034668,-89.79051208496094,-1.3219324350357056,0.002343134094306416,0.0,0.14464502427184467,0.003252376668551157,0.0,0.16091237484830095,0.004251811976395244,0.0,0.19411549984830098,True,Verified exact native product; normal-operation evidence; label and errata audit; determined archive timing; clean overall and every RGB band; finite on-planet geometry
JNCR_2021159_34C00082_V01,34.0,2021-06-08 08:54:14.225,1,True,True,0.0035119593992784023,0.0,0.21042551577669905,4333.0,False,76.97499747863573,0.30061690938511326,-48.034812927246094,350.0578918457031,25.109098434448242,-89.96036529541016,-1.8357874155044556,0.001973520045760576,0.0,0.1884884139866505,0.004111075865157293,0.0,0.2029590791868932,0.004159806084678844,0.0,0.25020858616504854,True,Verified exact native product; normal-operation evidence; label and errata audit; determined archive timing; clean overall and every RGB band; finite on-planet geometry
JNCR_2021159_34C00083_V01,34.0,2021-06-08 09:04:16.725,1,True,True,0.0032234512212378557,0.0,0.2565989077669903,4273.0,False,88.971846971214,0.2923948220064725,-73.65763092041016,326.5354919433594,9.860679626464844,-89.61722564697266,-3.599365711212158,0.0019777871529715833,0.0,0.2233625986043689,0.0037955599249869573,0.0,0.25337530339805825,0.00419506005943195,0.0,0.30320369387135926,True,Verified exact native product; normal-operation evidence; label and errata audit; determined archive timing; clean overall and every RGB band; finite on-planet geometry
JNCR_2021159_34C00085_V01,34.0,2021-06-08 09:14:19.200,1,True,True,0.003068918656369747,0.0,0.2972708396541262,4272.0,False,100.64445928487264,0.24320388349514563,-66.84010314941406,303.1263122558594,11.078787803649902,-89.76091766357422,-3.6714248657226562,0.001992331989564036,0.0,0.2781283184162622,0.0028940145081026657,0.0,0.28554971935679613,0.005783953692950277,0.0,0.3424700394417476,True,Verified exact native product; normal-operation evidence; label and errata audit; determined archive timing; clean overall and every RGB band; finite on-planet geometry
